"File","Line","Category","Issue","Snippet"
"FieldDataType.cs","13","I18n","Hardcoded Text","public const string Date = ""Date"";  // 独立的日期类型（仅日期，不含时间）"
"FieldDataType.cs","16","I18n","Hardcoded Text","public const string EntityRef = ""EntityRef"";  // 子实体引用"
"FieldDataType.cs","17","I18n","Hardcoded Text","public const string Enum = ""Enum"";  // 动态枚举类型"
"ApiResponseExtensions.cs","11","I18n","Hardcoded Text","public static ApiResponse SuccessResponse(string? message = ""操作成功"") =>"
"AdminEndpoints.cs","24","I18n","Hardcoded Text",".WithTags(""管理员"")"
"AdminEndpoints.cs","26","I18n","Hardcoded Text",".WithDescription(""仅限开发环境使用"");"
"AdminEndpoints.cs","29","I18n","Hardcoded Text",".WithTags(""调试"")"
"AdminEndpoints.cs","31","I18n","Hardcoded Text",".WithDescription(""仅限开发环境使用"");"
"AdminEndpoints.cs","59","I18n","Hardcoded Text",".WithSummary(""数据库健康检查"")"
"AdminEndpoints.cs","60","I18n","Hardcoded Text",".WithDescription(""检查数据库连接状态和记录数量（仅开发环境）"");"
"AdminEndpoints.cs","77","I18n","Hardcoded Text",".WithSummary(""重建数据库"")"
"AdminEndpoints.cs","78","I18n","Hardcoded Text",".WithDescription(""删除并重建整个数据库（仅开发环境，危险操作）"");"
"AdminEndpoints.cs","98","I18n","Hardcoded Text",".WithSummary(""列出所有用户"")"
"AdminEndpoints.cs","99","I18n","Hardcoded Text",".WithDescription(""调试用：列出系统中的所有用户（仅开发环境）"");"
"AdminEndpoints.cs","132","I18n","Hardcoded Text",".WithSummary(""重置初始化"")"
"AdminEndpoints.cs","133","I18n","Hardcoded Text",".WithDescription(""删除管理员用户，允许重新初始化系统（仅开发环境）"");"
"AdminEndpoints.cs","185","I18n","Hardcoded Text",".WithSummary(""重置管理员密码"")"
"AdminEndpoints.cs","186","I18n","Hardcoded Text",".WithDescription(""重置管理员账户密码（仅开发环境）"");"
"AdminEndpoints.cs","219","I18n","Hardcoded Text",".WithSummary(""重新生成默认模板"")"
"AdminEndpoints.cs","220","I18n","Hardcoded Text",".WithDescription(""为所有实体重新生成系统默认模板，并更新绑定（仅开发环境）"");"
"AdminEndpoints.cs","273","I18n","Hardcoded Text",".WithSummary(""为指定实体重新生成默认模板"")"
"AdminEndpoints.cs","274","I18n","Hardcoded Text",".WithDescription(""仅开发环境，管理员可对单个实体重新生成系统默认模板并更新绑定。"");"
"AuthEndpoints.cs","21","I18n","Hardcoded Text",".WithTags(""认证"")"
"AuthEndpoints.cs","53","I18n","Hardcoded Text",".WithSummary(""用户注册"")"
"AuthEndpoints.cs","54","I18n","Hardcoded Text",".WithDescription(""注册新用户账号，需要邮箱激活"")"
"AuthEndpoints.cs","89","I18n","Hardcoded Text",".WithSummary(""激活账户"")"
"AuthEndpoints.cs","90","I18n","Hardcoded Text",".WithDescription(""通过邮件链接激活用户账户"")"
"AuthEndpoints.cs","163","I18n","Hardcoded Text",".WithSummary(""用户登录"")"
"AuthEndpoints.cs","164","I18n","Hardcoded Text",".WithDescription(""使用用户名或邮箱登录，返回访问令牌和刷新令牌"")"
"AuthEndpoints.cs","212","I18n","Hardcoded Text",".WithSummary(""刷新令牌"")"
"AuthEndpoints.cs","213","I18n","Hardcoded Text",".WithDescription(""使用刷新令牌获取新的访问令牌"")"
"AuthEndpoints.cs","235","I18n","Hardcoded Text",".WithSummary(""用户登出"")"
"AuthEndpoints.cs","236","I18n","Hardcoded Text",".WithDescription(""撤销刷新令牌，登出用户"")"
"AuthEndpoints.cs","258","I18n","Hardcoded Text",".WithSummary(""会话验证"")"
"AuthEndpoints.cs","259","I18n","Hardcoded Text",".WithDescription(""验证当前用户会话是否有效"")"
"AuthEndpoints.cs","289","I18n","Hardcoded Text",".WithSummary(""获取当前用户信息"")"
"AuthEndpoints.cs","290","I18n","Hardcoded Text",".WithDescription(""返回当前已认证用户的详细信息，包括ID、用户名、邮箱和角色"")"
"AuthEndpoints.cs","340","I18n","Hardcoded Text",".WithSummary(""修改密码"")"
"AuthEndpoints.cs","341","I18n","Hardcoded Text",".WithDescription(""修改当前用户的密码"")"
"CustomerEndpoints.cs","23","I18n","Hardcoded Text",".WithTags(""客户管理"")"
"CustomerEndpoints.cs","32","I18n","Hardcoded Text",".WithSummary(""获取客户列表"")"
"CustomerEndpoints.cs","33","I18n","Hardcoded Text",".WithDescription(""获取当前用户可访问的所有客户列表"");"
"CustomerEndpoints.cs","47","I18n","Hardcoded Text",".WithSummary(""获取客户详情"")"
"CustomerEndpoints.cs","48","I18n","Hardcoded Text",".WithDescription(""获取指定客户的详细信息，包括字段值"");"
"CustomerEndpoints.cs","114","I18n","Hardcoded Text",".WithSummary(""创建客户"")"
"CustomerEndpoints.cs","115","I18n","Hardcoded Text",".WithDescription(""创建新客户并自动授予创建者编辑权限"");"
"CustomerEndpoints.cs","220","I18n","Hardcoded Text",".WithSummary(""更新客户"")"
"CustomerEndpoints.cs","221","I18n","Hardcoded Text",".WithDescription(""更新客户信息和自定义字段值，支持乐观并发控制"");"
"CustomerEndpoints.cs","249","I18n","Hardcoded Text",".WithSummary(""获取客户访问权限"")"
"CustomerEndpoints.cs","250","I18n","Hardcoded Text",".WithDescription(""管理员查看指定客户的访问权限列表"");"
"CustomerEndpoints.cs","290","I18n","Hardcoded Text",".WithSummary(""设置客户访问权限"")"
"CustomerEndpoints.cs","291","I18n","Hardcoded Text",".WithDescription(""管理员设置或更新用户对指定客户的访问权限"");"
"DynamicEntityEndpoints.cs","20","I18n","Hardcoded Text",".WithTags(""动态实体数据操作"")"
"DynamicEntityEndpoints.cs","50","I18n","Hardcoded Text","Take = request.Take ?? 100 // 默认100条"
"DynamicEntityEndpoints.cs","81","I18n","Hardcoded Text",".WithSummary(""查询动态实体列表"")"
"DynamicEntityEndpoints.cs","82","I18n","Hardcoded Text",".WithDescription(""支持过滤、排序、分页"");"
"DynamicEntityEndpoints.cs","131","I18n","Hardcoded Text",".WithSummary(""根据ID查询动态实体"")"
"DynamicEntityEndpoints.cs","132","I18n","Hardcoded Text",".WithDescription(""返回单个实体对象；可选 includeMeta=true 返回 { meta, data }"");"
"DynamicEntityEndpoints.cs","174","I18n","Hardcoded Text",".WithSummary(""原始SQL查询"")"
"DynamicEntityEndpoints.cs","175","I18n","Hardcoded Text",".WithDescription(""直接使用表名查询（不需要加载实体类型）"");"
"DynamicEntityEndpoints.cs","220","I18n","Hardcoded Text",".WithSummary(""创建动态实体"")"
"DynamicEntityEndpoints.cs","221","I18n","Hardcoded Text",".WithDescription(""创建新的实体记录"");"
"DynamicEntityEndpoints.cs","272","I18n","Hardcoded Text",".WithSummary(""更新动态实体"")"
"DynamicEntityEndpoints.cs","273","I18n","Hardcoded Text",".WithDescription(""更新现有实体记录"");"
"DynamicEntityEndpoints.cs","311","I18n","Hardcoded Text",".WithSummary(""删除动态实体"")"
"DynamicEntityEndpoints.cs","312","I18n","Hardcoded Text",".WithDescription(""删除实体记录"");"
"DynamicEntityEndpoints.cs","343","I18n","Hardcoded Text",".WithSummary(""统计动态实体数量"")"
"DynamicEntityEndpoints.cs","344","I18n","Hardcoded Text",".WithDescription(""统计符合条件的记录数"");"
"EntityDefinitionEndpoints.cs","24","I18n","Hardcoded Text",".WithTags(""实体元数据"")"
"EntityDefinitionEndpoints.cs","67","I18n","Hardcoded Text",".WithSummary(""获取可用实体列表"")"
"EntityDefinitionEndpoints.cs","68","I18n","Hardcoded Text",".WithDescription(""获取所有已启用且已发布的实体元数据（公共访问）"")"
"EntityDefinitionEndpoints.cs","135","I18n","Hardcoded Text",".WithSummary(""根据路由获取实体定义"")"
"EntityDefinitionEndpoints.cs","136","I18n","Hardcoded Text",".WithDescription(""根据实体路由/名称获取实体定义（含字段、接口），支持系统实体"")"
"EntityDefinitionEndpoints.cs","163","I18n","Hardcoded Text",".WithSummary(""获取所有实体列表（包括禁用的）"")"
"EntityDefinitionEndpoints.cs","164","I18n","Hardcoded Text",".WithDescription(""管理员用：获取所有实体的元数据，包括已禁用的"")"
"EntityDefinitionEndpoints.cs","193","I18n","Hardcoded Text",".WithSummary(""验证实体路由"")"
"EntityDefinitionEndpoints.cs","194","I18n","Hardcoded Text",".WithDescription(""检查指定的实体路由是否存在且可用"")"
"EntityDefinitionEndpoints.cs","200","I18n","Hardcoded Text",".WithTags(""实体定义管理"")"
"EntityDefinitionEndpoints.cs","255","I18n","Hardcoded Text",".WithSummary(""获取实体定义列表"")"
"EntityDefinitionEndpoints.cs","256","I18n","Hardcoded Text",".WithDescription(""获取所有实体定义的列表，包括字段数量和接口类型"")"
"EntityDefinitionEndpoints.cs","317","I18n","Hardcoded Text",".WithSummary(""获取实体定义详情"")"
"EntityDefinitionEndpoints.cs","318","I18n","Hardcoded Text",".WithDescription(""获取指定实体定义的完整信息，包括所有字段、接口和多语言数据"")"
"EntityDefinitionEndpoints.cs","386","I18n","Hardcoded Text",".WithSummary(""根据类型名称获取实体定义"")"
"EntityDefinitionEndpoints.cs","387","I18n","Hardcoded Text",".WithDescription(""根据实体的完整类型名称获取实体定义，用于表单设计器中的实体元数据树"")"
"EntityDefinitionEndpoints.cs","416","I18n","Hardcoded Text",".WithSummary(""检查实体是否被引用"")"
"EntityDefinitionEndpoints.cs","417","I18n","Hardcoded Text",".WithDescription(""检查实体定义是否被模板或其他地方引用"")"
"EntityDefinitionEndpoints.cs","467","I18n","Hardcoded Text","DisplayName = dto.DisplayName,  // 直接赋值 Dictionary，EF Core 自动转 jsonb"
"EntityDefinitionEndpoints.cs","493","I18n","Hardcoded Text","DisplayName = fieldDto.DisplayName,  // 直接赋值 Dictionary，EF Core 自动转 jsonb"
"EntityDefinitionEndpoints.cs","532","I18n","Hardcoded Text","DisplayName = null,  // 接口字段暂不提供默认多语言"
"EntityDefinitionEndpoints.cs","539","I18n","Hardcoded Text","SortOrder = 0 // 接口字段排在前面"
"EntityDefinitionEndpoints.cs","584","I18n","Hardcoded Text",".WithSummary(""创建实体定义"")"
"EntityDefinitionEndpoints.cs","585","I18n","Hardcoded Text",".WithDescription(""创建新的实体定义，可包含字段和接口"")"
"EntityDefinitionEndpoints.cs","678","I18n","Hardcoded Text","definition.DisplayName = dto.DisplayName;  // EF Core 自动更新 jsonb"
"EntityDefinitionEndpoints.cs","685","I18n","Hardcoded Text","definition.Description = dto.Description;  // EF Core 自动更新 jsonb"
"EntityDefinitionEndpoints.cs","795","I18n","Hardcoded Text","Source = FieldSource.Custom,  // 新增字段标记为Custom"
"EntityDefinitionEndpoints.cs","841","I18n","Hardcoded Text","DisplayName = null,  // 接口字段暂不提供默认多语言"
"EntityDefinitionEndpoints.cs","893","I18n","Hardcoded Text",".WithSummary(""更新实体定义"")"
"EntityDefinitionEndpoints.cs","894","I18n","Hardcoded Text",".WithDescription(""更新实体定义，如果实体已被引用则受到限制"")"
"EntityDefinitionEndpoints.cs","945","I18n","Hardcoded Text",".WithSummary(""删除实体定义"")"
"EntityDefinitionEndpoints.cs","946","I18n","Hardcoded Text",".WithDescription(""删除实体定义（仅限草稿状态且未被引用）"")"
"EntityDefinitionEndpoints.cs","1009","I18n","Hardcoded Text",".WithSummary(""发布新实体"")"
"EntityDefinitionEndpoints.cs","1010","I18n","Hardcoded Text",".WithDescription(""发布新实体定义，生成并执行CREATE TABLE语句"")"
"EntityDefinitionEndpoints.cs","1076","I18n","Hardcoded Text",".WithSummary(""发布实体修改"")"
"EntityDefinitionEndpoints.cs","1077","I18n","Hardcoded Text",".WithDescription(""发布实体定义的修改，生成并执行ALTER TABLE语句"")"
"EntityDefinitionEndpoints.cs","1111","I18n","Hardcoded Text",".WithSummary(""撤回发布"")"
"EntityDefinitionEndpoints.cs","1112","I18n","Hardcoded Text",".WithDescription(""撤回已发布实体：逻辑撤回或物理删除表（受配置控制）"")"
"EntityDefinitionEndpoints.cs","1166","I18n","Hardcoded Text",".WithSummary(""预览DDL脚本"")"
"EntityDefinitionEndpoints.cs","1167","I18n","Hardcoded Text",".WithDescription(""预览将要执行的DDL脚本（不实际执行）"")"
"EntityDefinitionEndpoints.cs","1194","I18n","Hardcoded Text",".WithSummary(""获取DDL执行历史"")"
"EntityDefinitionEndpoints.cs","1195","I18n","Hardcoded Text",".WithDescription(""获取实体定义的所有DDL脚本执行历史"")"
"EntityDefinitionEndpoints.cs","1227","I18n","Hardcoded Text",".WithSummary(""生成实体代码"")"
"EntityDefinitionEndpoints.cs","1228","I18n","Hardcoded Text",".WithDescription(""生成实体的C#类代码（不编译）"")"
"EntityDefinitionEndpoints.cs","1273","I18n","Hardcoded Text",".WithSummary(""编译实体"")"
"EntityDefinitionEndpoints.cs","1274","I18n","Hardcoded Text",".WithDescription(""编译实体代码并加载到内存"")"
"EntityDefinitionEndpoints.cs","1320","I18n","Hardcoded Text",".WithSummary(""批量编译实体"")"
"EntityDefinitionEndpoints.cs","1321","I18n","Hardcoded Text",".WithDescription(""批量编译多个实体到同一程序集"")"
"EntityDefinitionEndpoints.cs","1357","I18n","Hardcoded Text",".WithSummary(""验证实体代码"")"
"EntityDefinitionEndpoints.cs","1358","I18n","Hardcoded Text",".WithDescription(""验证生成的实体代码语法（不编译）"")"
"EntityDefinitionEndpoints.cs","1373","I18n","Hardcoded Text",".WithSummary(""获取已加载实体"")"
"EntityDefinitionEndpoints.cs","1374","I18n","Hardcoded Text",".WithDescription(""获取当前已加载到内存的所有动态实体"")"
"EntityDefinitionEndpoints.cs","1392","I18n","Hardcoded Text",".WithSummary(""获取实体类型信息"")"
"EntityDefinitionEndpoints.cs","1393","I18n","Hardcoded Text",".WithDescription(""获取已加载实体的类型元数据信息"")"
"EntityDefinitionEndpoints.cs","1409","I18n","Hardcoded Text",".WithSummary(""卸载实体"")"
"EntityDefinitionEndpoints.cs","1410","I18n","Hardcoded Text",".WithDescription(""从内存中卸载指定的动态实体"")"
"EntityDefinitionEndpoints.cs","1453","I18n","Hardcoded Text",".WithSummary(""重新编译实体"")"
"EntityDefinitionEndpoints.cs","1454","I18n","Hardcoded Text",".WithDescription(""卸载并重新编译实体（用于实体定义更新后）"")"
"EnumDefinitionEndpoints.cs","34","I18n","Hardcoded Text",".WithSummary(""获取所有枚举定义"")"
"EnumDefinitionEndpoints.cs","53","I18n","Hardcoded Text",".WithSummary(""根据ID获取枚举定义"")"
"EnumDefinitionEndpoints.cs","73","I18n","Hardcoded Text",".WithSummary(""根据Code获取枚举定义"")"
"EnumDefinitionEndpoints.cs","91","I18n","Hardcoded Text",".WithSummary(""获取枚举的所有选项"")"
"EnumDefinitionEndpoints.cs","115","I18n","Hardcoded Text",".WithSummary(""创建枚举定义"")"
"EnumDefinitionEndpoints.cs","143","I18n","Hardcoded Text",".WithSummary(""更新枚举定义"")"
"EnumDefinitionEndpoints.cs","171","I18n","Hardcoded Text",".WithSummary(""删除枚举定义"")"
"EnumDefinitionEndpoints.cs","198","I18n","Hardcoded Text",".WithSummary(""批量更新枚举选项"")"
"FieldActionEndpoints.cs","74","I18n","Hardcoded Text","sb.AppendLine(""screen mode id:i:2""); // 全屏模式"
"FieldActionEndpoints.cs","78","I18n","Hardcoded Text","sb.AppendLine(""session bpp:i:32""); // 颜色深度"
"FieldActionEndpoints.cs","120","I18n","Hardcoded Text","sb.AppendLine(""authentication level:i:0""); // 不验证服务器身份"
"FieldActionEndpoints.cs","155","I18n","Hardcoded Text","sb.AppendLine($""audiomode:i:{(request.RedirectAudio ?? true ? 0 : 2)}""); // 0=播放到本地, 2=不播放"
"LayoutEndpoints.cs","20","I18n","Hardcoded Text",".WithTags(""字段定义"")"
"LayoutEndpoints.cs","25","I18n","Hardcoded Text",".WithTags(""布局管理"")"
"LayoutEndpoints.cs","36","I18n","Hardcoded Text",".WithSummary(""获取字段定义列表"")"
"LayoutEndpoints.cs","37","I18n","Hardcoded Text",".WithDescription(""获取所有自定义字段的定义信息"");"
"LayoutEndpoints.cs","69","I18n","Hardcoded Text",".WithSummary(""获取字段标签统计"")"
"LayoutEndpoints.cs","70","I18n","Hardcoded Text",".WithDescription(""获取所有字段定义中使用的标签及其计数"");"
"LayoutEndpoints.cs","93","I18n","Hardcoded Text",".WithSummary(""[已废弃] 获取客户布局"")"
"LayoutEndpoints.cs","94","I18n","Hardcoded Text",".WithDescription(""[已废弃] 请使用 GET /api/layout 替代"");"
"LayoutEndpoints.cs","156","I18n","Hardcoded Text",".WithSummary(""[已废弃] 保存客户布局"")"
"LayoutEndpoints.cs","157","I18n","Hardcoded Text",".WithDescription(""[已废弃] 请使用 POST /api/layout 替代"");"
"LayoutEndpoints.cs","207","I18n","Hardcoded Text",".WithSummary(""[已废弃] 删除客户布局"")"
"LayoutEndpoints.cs","208","I18n","Hardcoded Text",".WithDescription(""[已废弃] 请使用 DELETE /api/layout 替代"");"
"LayoutEndpoints.cs","228","I18n","Hardcoded Text",".WithSummary(""获取布局"")"
"LayoutEndpoints.cs","229","I18n","Hardcoded Text",".WithDescription(""获取用户级别的布局模板，不绑定特定客户"");"
"LayoutEndpoints.cs","248","I18n","Hardcoded Text",".WithSummary(""获取布局（兼容别名）"")"
"LayoutEndpoints.cs","249","I18n","Hardcoded Text",".WithDescription(""获取用户级别的布局模板（兼容旧路径 /api/layout/customer）"");"
"LayoutEndpoints.cs","302","I18n","Hardcoded Text","UserLayoutScope.ApplyCustomerScope(entity, 0); // 0 表示用户级别模板"
"LayoutEndpoints.cs","312","I18n","Hardcoded Text",".WithSummary(""保存布局"")"
"LayoutEndpoints.cs","313","I18n","Hardcoded Text",".WithDescription(""保存用户级别的布局模板"");"
"LayoutEndpoints.cs","376","I18n","Hardcoded Text",".WithSummary(""保存布局（兼容别名）"")"
"LayoutEndpoints.cs","377","I18n","Hardcoded Text",".WithDescription(""保存用户级别的布局模板（兼容旧路径 /api/layout/customer）"");"
"LayoutEndpoints.cs","423","I18n","Hardcoded Text",".WithSummary(""删除布局"")"
"LayoutEndpoints.cs","424","I18n","Hardcoded Text",".WithDescription(""删除用户级别的布局模板"");"
"LayoutEndpoints.cs","470","I18n","Hardcoded Text",".WithSummary(""删除布局（兼容别名）"")"
"LayoutEndpoints.cs","471","I18n","Hardcoded Text",".WithDescription(""删除用户级别的布局模板（兼容旧路径 /api/layout/customer）"");"
"LayoutEndpoints.cs","492","I18n","Hardcoded Text",".WithSummary(""获取实体布局（根据实体类型）"")"
"LayoutEndpoints.cs","493","I18n","Hardcoded Text",".WithDescription(""根据实体类型（如customer、product、order）获取布局模板"");"
"LayoutEndpoints.cs","549","I18n","Hardcoded Text","UserLayoutScope.ApplyCustomerScope(entity, 0); // 使用EntityType时，CustomerId设为0"
"LayoutEndpoints.cs","559","I18n","Hardcoded Text",".WithSummary(""保存实体布局（根据实体类型）"")"
"LayoutEndpoints.cs","560","I18n","Hardcoded Text",".WithDescription(""根据实体类型保存布局模板"");"
"LayoutEndpoints.cs","608","I18n","Hardcoded Text",".WithSummary(""删除实体布局（根据实体类型）"")"
"LayoutEndpoints.cs","609","I18n","Hardcoded Text",".WithDescription(""根据实体类型删除布局模板"");"
"LayoutEndpoints.cs","716","I18n","Hardcoded Text",".WithSummary(""从标签生成布局"")"
"LayoutEndpoints.cs","717","I18n","Hardcoded Text",".WithDescription(""根据指定的标签自动生成布局配置，可选择是否保存"");"
"SetupEndpoints.cs","17","I18n","Hardcoded Text",".WithTags(""系统设置"")"
"SetupEndpoints.cs","57","I18n","Hardcoded Text",".WithSummary(""获取管理员信息"")"
"SetupEndpoints.cs","58","I18n","Hardcoded Text",".WithDescription(""检查系统是否已初始化管理员账户"")"
"SetupEndpoints.cs","113","I18n","Hardcoded Text","return Results.StatusCode(403); // 无法更新 - 管理员已配置"
"SetupEndpoints.cs","190","I18n","Hardcoded Text",".WithSummary(""配置管理员账户"")"
"SetupEndpoints.cs","191","I18n","Hardcoded Text",".WithDescription(""创建或更新系统管理员账户"")"
"TemplateEndpoints.cs","28","I18n","Hardcoded Text",".WithTags(""表单模板"")"
"TemplateEndpoints.cs","46","I18n","Hardcoded Text",".WithSummary(""获取用户的表单模板列表"")"
"TemplateEndpoints.cs","47","I18n","Hardcoded Text",".WithDescription(""支持按实体类型过滤，支持按实体或用户分组"");"
"TemplateEndpoints.cs","69","I18n","Hardcoded Text",".WithSummary(""获取模板详情"")"
"TemplateEndpoints.cs","70","I18n","Hardcoded Text",".WithDescription(""根据模板ID获取完整的模板信息"");"
"TemplateEndpoints.cs","83","I18n","Hardcoded Text",".WithSummary(""创建新模板"")"
"TemplateEndpoints.cs","84","I18n","Hardcoded Text",".WithDescription(""创建一个新的表单模板"");"
"TemplateEndpoints.cs","114","I18n","Hardcoded Text",".WithSummary(""更新模板"")"
"TemplateEndpoints.cs","115","I18n","Hardcoded Text",".WithDescription(""更新模板信息（EntityType一旦设置后不允许修改）"");"
"TemplateEndpoints.cs","144","I18n","Hardcoded Text",".WithSummary(""删除模板"")"
"TemplateEndpoints.cs","145","I18n","Hardcoded Text",".WithDescription(""删除模板（系统默认、用户默认和正在使用的模板不允许删除）"");"
"TemplateEndpoints.cs","169","I18n","Hardcoded Text",".WithSummary(""复制模板"")"
"TemplateEndpoints.cs","170","I18n","Hardcoded Text",".WithDescription(""从现有模板创建副本（可以从系统模板或用户模板复制）"");"
"TemplateEndpoints.cs","194","I18n","Hardcoded Text","usageType = ""Unknown"", // FormTemplate 不再包含 UsageType，需通过 TemplateStateBinding 查询"
"TemplateEndpoints.cs","212","I18n","Hardcoded Text",".WithSummary(""应用模板"")"
"TemplateEndpoints.cs","213","I18n","Hardcoded Text",".WithDescription(""将模板设置为用户默认模板（如果是系统模板，会先创建副本）"");"
"TemplateEndpoints.cs","235","I18n","Hardcoded Text",".WithSummary(""获取有效模板"")"
"TemplateEndpoints.cs","236","I18n","Hardcoded Text",".WithDescription(""按优先级获取模板：用户默认 > 系统默认 > 第一个创建的模板"");"
"TemplateEndpoints.cs","413","I18n","Hardcoded Text",".WithSummary(""获取菜单与模板交集"")"
"TemplateEndpoints.cs","414","I18n","Hardcoded Text",".WithDescription(""返回当前用户可访问的菜单节点及其模板绑定和可选模板列表。"");"
"TemplateEndpoints.cs","432","I18n","Hardcoded Text",".WithSummary(""获取实体模板绑定"")"
"TemplateEndpoints.cs","433","I18n","Hardcoded Text",".WithDescription(""按照实体与用途获取模板绑定记录。"");"
"TemplateEndpoints.cs","462","I18n","Hardcoded Text",".WithSummary(""更新模板绑定"")"
"TemplateEndpoints.cs","463","I18n","Hardcoded Text",".WithDescription(""创建或更新实体与模板之间的绑定关系。"");"
"TemplateEndpoints.cs","499","I18n","Hardcoded Text",".WithSummary(""获取模板运行时上下文"")"
"TemplateEndpoints.cs","500","I18n","Hardcoded Text",".WithDescription(""结合权限与数据范围返回模板所需的运行时信息。"");"
"UserEndpoints.cs","20","I18n","Hardcoded Text",".WithTags(""用户档案"")"
"GlobalExceptionFilter.cs","96","I18n","Hardcoded Text","ArgumentNullException => ""必填参数缺失"","
"GlobalExceptionFilter.cs","97","I18n","Hardcoded Text","ArgumentException => ""请求参数无效"","
"GlobalExceptionFilter.cs","98","I18n","Hardcoded Text","InvalidOperationException => ""操作无效"","
"GlobalExceptionFilter.cs","99","I18n","Hardcoded Text","UnauthorizedAccessException => ""未授权访问"","
"GlobalExceptionFilter.cs","100","I18n","Hardcoded Text","KeyNotFoundException => ""请求的资源不存在"","
"GlobalExceptionFilter.cs","101","I18n","Hardcoded Text","_ => ""服务器内部错误，请稍后重试"""
"DatabaseInitializer.cs","75","I18n","Hardcoded Text","CreateLabel(""适合短文本字段"", ""短いテキストに使用"", ""Use for short text fields"")),"
"DatabaseInitializer.cs","79","I18n","Hardcoded Text","CreateLabel(""适合长文本字段"", ""長いテキストに使用"", ""Use for long text"")),"
"DatabaseInitializer.cs","83","I18n","Hardcoded Text","CreateLabel(""32位整型"", ""32bit 整数"", ""32-bit integer"")),"
"DatabaseInitializer.cs","87","I18n","Hardcoded Text","CreateLabel(""64位整型"", ""64bit 整数"", ""64-bit integer"")),"
"DatabaseInitializer.cs","91","I18n","Hardcoded Text","CreateLabel(""十进制数值"", ""10進小数"", ""Decimal number"")),"
"DatabaseInitializer.cs","95","I18n","Hardcoded Text","CreateLabel(""布尔值"", ""ブール値"", ""Boolean value"")),"
"DatabaseInitializer.cs","99","I18n","Hardcoded Text","CreateLabel(""日期时间"", ""日時"", ""Date & time"")),"
"DatabaseInitializer.cs","103","I18n","Hardcoded Text","CreateLabel(""日期"", ""日付"", ""Date only"")),"
"DatabaseInitializer.cs","107","I18n","Hardcoded Text","CreateLabel(""全局唯一标识"", ""グローバル一意識別子"", ""Global unique identifier"")),"
"DatabaseInitializer.cs","111","I18n","Hardcoded Text","CreateLabel(""实体引用"", ""エンティティ参照"", ""Entity reference""))"
"DatabaseInitializer.cs","217","I18n","Hardcoded Text","var customer1 = new Customer { Code = ""C001"", Name = ""示例客户A"", Version = 1 };"
"DatabaseInitializer.cs","219","I18n","Hardcoded Text","var customer2 = new Customer { Code = ""C002"", Name = ""示例客户B"", Version = 1 };"
"DatabaseInitializer.cs","229","I18n","Hardcoded Text","new CustomerLocalization { CustomerId = customer1.Id, Language = ""zh"", Name = ""示例客户A"" },"
"DatabaseInitializer.cs","231","I18n","Hardcoded Text","new CustomerLocalization { CustomerId = customer1.Id, Language = ""ja"", Name = ""サンプル顧客A"" },"
"DatabaseInitializer.cs","235","I18n","Hardcoded Text","new CustomerLocalization { CustomerId = customer2.Id, Language = ""zh"", Name = ""示例客户B"" },"
"DatabaseInitializer.cs","237","I18n","Hardcoded Text","new CustomerLocalization { CustomerId = customer2.Id, Language = ""ja"", Name = ""サンプル顧客B"" },"
"DatabaseInitializer.cs","345","I18n","Hardcoded Text","Tags = ""[\""常用\""]"","
"DatabaseInitializer.cs","365","I18n","Hardcoded Text","Tags = ""[\""常用\""]"","
"DatabaseInitializer.cs","385","I18n","Hardcoded Text","Tags = ""[\""常用\""]"","
"DatabaseInitializer.cs","405","I18n","Hardcoded Text","Tags = ""[\""远程\""]"","
"DatabaseInitializer.cs","425","I18n","Hardcoded Text","Tags = ""[\""扩展\""]"","
"DatabaseInitializer.cs","489","I18n","Hardcoded Text","new LocalizationLanguage { Code = ""ja"", NativeName = ""日本語"" },"
"DatabaseInitializer.cs","491","I18n","Hardcoded Text","new LocalizationLanguage { Code = ""zh"", NativeName = ""中文"" },"
"DatabaseInitializer.cs","541","I18n","Hardcoded Text","CreateDomain(""CRM"", 10, ""CRM - 客户关系管理"", ""CRM - 顧客関係管理"", ""CRM - Customer Relationship Management""),"
"DatabaseInitializer.cs","543","I18n","Hardcoded Text","CreateDomain(""SCM"", 20, ""SCM - 供应链管理"", ""SCM - サプライチェーン管理"", ""SCM - Supply Chain Management""),"
"DatabaseInitializer.cs","545","I18n","Hardcoded Text","CreateDomain(""FA"", 30, ""FA - 财务会计"", ""FA - 財務会計"", ""FA - Financial Accounting""),"
"DatabaseInitializer.cs","547","I18n","Hardcoded Text","CreateDomain(""HR"", 40, ""HR - 人力资源"", ""HR - 人事"", ""HR - Human Resources""),"
"DatabaseInitializer.cs","549","I18n","Hardcoded Text","CreateDomain(""MFM"", 50, ""MFM - 生产制造"", ""MFM - 生産製造"", ""MFM - Manufacturing""),"
"DatabaseInitializer.cs","551","I18n","Hardcoded Text","CreateDomain(""System"", 5, ""System - 内置实体"", ""System - システム内蔵エンティティ"", ""System - Built-in Entities""),"
"DatabaseInitializer.cs","553","I18n","Hardcoded Text","CreateDomain(""Custom"", 100, ""Custom - 自定义实体"", ""Custom - カスタムエンティティ"", ""Custom - Custom Entities"")"
"DatabaseInitializer.cs","729","I18n","Hardcoded Text","w = 6,  // 向后兼容"
"DatabaseInitializer.cs","867","I18n","Hardcoded Text","UserLayoutScope.ApplyCustomerScope(defaultLayout, 0); // 0 表示全局用户级模板"
"Localization.cs","76","I18n","Hardcoded Text","continue; // 跳过已经尝试过的语言"
"TestDataSeeder.cs","24","I18n","Hardcoded Text","var customer1 = new Customer { Code = ""C001"", Name = ""示例客户A"", Version = 1 };"
"TestDataSeeder.cs","25","I18n","Hardcoded Text","var customer2 = new Customer { Code = ""C002"", Name = ""示例客户B"", Version = 1 };"
"TestDataSeeder.cs","32","I18n","Hardcoded Text","new CustomerLocalization { CustomerId = customer1.Id, Language = ""zh"", Name = ""示例客户A"" },"
"TestDataSeeder.cs","33","I18n","Hardcoded Text","new CustomerLocalization { CustomerId = customer1.Id, Language = ""ja"", Name = ""サンプル顧客A"" },"
"TestDataSeeder.cs","35","I18n","Hardcoded Text","new CustomerLocalization { CustomerId = customer2.Id, Language = ""zh"", Name = ""示例客户B"" },"
"TestDataSeeder.cs","36","I18n","Hardcoded Text","new CustomerLocalization { CustomerId = customer2.Id, Language = ""ja"", Name = ""サンプル顧客B"" },"
"GlobalExceptionMiddleware.cs","115","I18n","Hardcoded Text","ArgumentNullException => ""必填参数缺失"","
"GlobalExceptionMiddleware.cs","116","I18n","Hardcoded Text","ArgumentException => ""请求参数无效"","
"GlobalExceptionMiddleware.cs","117","I18n","Hardcoded Text","InvalidOperationException => ""操作无效"","
"GlobalExceptionMiddleware.cs","118","I18n","Hardcoded Text","UnauthorizedAccessException => ""未授权访问"","
"GlobalExceptionMiddleware.cs","119","I18n","Hardcoded Text","KeyNotFoundException => ""请求的资源不存在"","
"GlobalExceptionMiddleware.cs","120","I18n","Hardcoded Text","_ => ""服务器内部错误，请稍后重试"""
"AggVOCodeGenerator.cs","46","I18n","Hardcoded Text","sb.AppendLine($""/// {masterEntity.EntityName} 聚合根值对象"");"
"AggVOCodeGenerator.cs","47","I18n","Hardcoded Text","sb.AppendLine($""/// 包含主实体 {masterEntity.EntityName} 和 {childEntities.Count} 个子实体"");"
"AggVOCodeGenerator.cs","56","I18n","Hardcoded Text","sb.AppendLine($""    /// 主实体：{masterEntity.EntityName}"");"
"AggVOCodeGenerator.cs","65","I18n","Hardcoded Text","sb.AppendLine($""    /// 子实体：{childEntity.EntityName}"");"
"AggVOCodeGenerator.cs","85","I18n","Hardcoded Text","sb.AppendLine(""    /// 获取主实体类型"");"
"AggVOCodeGenerator.cs","92","I18n","Hardcoded Text","sb.AppendLine(""    /// 获取所有子实体类型"");"
"AggVOCodeGenerator.cs","110","I18n","Hardcoded Text","sb.AppendLine(""    /// 获取主实体VO"");"
"AggVOCodeGenerator.cs","117","I18n","Hardcoded Text","sb.AppendLine(""    /// 设置主实体VO"");"
"AggVOCodeGenerator.cs","124","I18n","Hardcoded Text","sb.AppendLine(""    /// 保存聚合（主实体 + 所有子实体）"");"
"AggVOCodeGenerator.cs","128","I18n","Hardcoded Text","sb.AppendLine(""        // TODO: 实现级联保存逻辑"");"
"AggVOCodeGenerator.cs","129","I18n","Hardcoded Text","sb.AppendLine(""        // 由 AggVOService 提供具体实现"");"
"AggVOCodeGenerator.cs","136","I18n","Hardcoded Text","sb.AppendLine(""    /// 加载聚合（主实体 + 所有子实体）"");"
"AggVOCodeGenerator.cs","140","I18n","Hardcoded Text","sb.AppendLine(""        // TODO: 实现级联加载逻辑"");"
"AggVOCodeGenerator.cs","141","I18n","Hardcoded Text","sb.AppendLine(""        // 由 AggVOService 提供具体实现"");"
"AggVOCodeGenerator.cs","148","I18n","Hardcoded Text","sb.AppendLine(""    /// 删除聚合（主实体 + 所有子实体）"");"
"AggVOCodeGenerator.cs","152","I18n","Hardcoded Text","sb.AppendLine(""        // 子实体删除策略配置"");"
"AggVOCodeGenerator.cs","157","I18n","Hardcoded Text","sb.AppendLine(""        // TODO: 实现级联删除逻辑"");"
"AggVOCodeGenerator.cs","158","I18n","Hardcoded Text","sb.AppendLine(""        // 由 AggVOService 提供具体实现"");"
"AggVOCodeGenerator.cs","180","I18n","Hardcoded Text","sb.AppendLine($""    /// 获取 {childEntity.EntityName} 子实体列表"");"
"AggVOCodeGenerator.cs","260","I18n","Hardcoded Text","continue; // 跳过单实体"
"AggVOCodeGenerator.cs","294","I18n","Hardcoded Text","sb.AppendLine($""/// {entity.EntityName} 值对象"");"
"DataMigrationEvaluator.cs","334","I18n","Hardcoded Text","FieldDataType.String => field.Length.HasValue ? $""VARCHAR({field.Length})"" : ""TEXT"",  // 注意：Text是String的别名"
"DataMigrationEvaluator.cs","339","I18n","Hardcoded Text","FieldDataType.DateTime => ""TIMESTAMP"",  // 注意：Date是DateTime的别名"
"EntityDataSourceHandler.cs","32","I18n","Hardcoded Text","_logger.LogInformation(""执行实体数据源查询: {TypeCode}, Page: {Page}, PageSize: {PageSize}"","
"EntityDataSourceHandler.cs","64","I18n","Hardcoded Text","AppliedScopes = new[] { ""OrganizationScope"" }, // TODO: 从权限过滤器获取"
"EntityDataSourceHandler.cs","78","I18n","Hardcoded Text","return Task.FromResult(DataSourceValidationResult.Failure(""实体类型不能为空""));"
"EntityDataSourceHandler.cs","87","I18n","Hardcoded Text","return Task.FromResult(DataSourceValidationResult.Failure($""配置JSON格式错误: {ex.Message}""));"
"EntityDataSourceHandler.cs","115","I18n","Hardcoded Text","?? throw new JsonException(""无法解析实体数据源配置"");"
"S3FileStorageService.cs","21","I18n","Hardcoded Text","ForcePathStyle = true, // MinIO 需要 Path-style"
"AccessService.cs","43","I18n","Hardcoded Text","new(""APP.ROOT"", ""应用根节点"", null, ""appstore"", true, 0, null),"
"AccessService.cs","46","I18n","Hardcoded Text","new(""SYS"", ""系统管理"", null, ""setting"", true, 10, ""APP.ROOT""),"
"AccessService.cs","47","I18n","Hardcoded Text","new(""SYS.SET"", ""系统设置"", null, ""setting"", true, 11, ""SYS""),"
"AccessService.cs","48","I18n","Hardcoded Text","new(""SYS.SET.CONFIG"", ""系统设置"", ""/settings"", ""setting"", true, 111, ""SYS.SET""),"
"AccessService.cs","49","I18n","Hardcoded Text","new(""SYS.SET.MENU"", ""菜单管理"", ""/menus"", ""menu"", true, 112, ""SYS.SET"", new Dictionary<string, string?>"
"AccessService.cs","51","I18n","Hardcoded Text","[""zh""] = ""菜单管理"","
"AccessService.cs","52","I18n","Hardcoded Text","[""ja""] = ""メニュー管理"","
"AccessService.cs","55","I18n","Hardcoded Text","new(""SYS.MSG"", ""邮件与消息"", null, ""mail"", true, 12, ""SYS""),"
"AccessService.cs","56","I18n","Hardcoded Text","new(""SYS.MSG.MAIL"", ""邮件服务器"", null, ""mail"", true, 121, ""SYS.MSG""),"
"AccessService.cs","57","I18n","Hardcoded Text","new(""SYS.MSG.NOTIFY"", ""系统通知"", null, ""notification"", false, 122, ""SYS.MSG""),"
"AccessService.cs","58","I18n","Hardcoded Text","new(""SYS.MSG.TEMPLATE"", ""消息模板"", null, ""book"", false, 123, ""SYS.MSG""),"
"AccessService.cs","59","I18n","Hardcoded Text","new(""SYS.ENTITY"", ""模型与枚举"", null, ""database"", true, 13, ""SYS"", new Dictionary<string, string?>"
"AccessService.cs","61","I18n","Hardcoded Text","[""zh""] = ""模型与枚举"","
"AccessService.cs","62","I18n","Hardcoded Text","[""ja""] = ""モデルと列挙"","
"AccessService.cs","65","I18n","Hardcoded Text","new(""SYS.ENTITY.EDITOR"", ""业务实体编辑"", ""/entity-definitions"", ""profile"", true, 132, ""SYS.ENTITY"", new Dictionary<string, string?>"
"AccessService.cs","67","I18n","Hardcoded Text","[""zh""] = ""实体管理"","
"AccessService.cs","68","I18n","Hardcoded Text","[""ja""] = ""エンティティ管理"","
"AccessService.cs","71","I18n","Hardcoded Text","new(""SYS.ENTITY.ENUM"", ""枚举管理"", ""/system/enums"", ""unordered-list"", true, 131, ""SYS.ENTITY"", new Dictionary<string, string?>"
"AccessService.cs","73","I18n","Hardcoded Text","[""zh""] = ""枚举管理"","
"AccessService.cs","74","I18n","Hardcoded Text","[""ja""] = ""列挙管理"","
"AccessService.cs","77","I18n","Hardcoded Text","new(""SYS.TEMPLATE"", ""模板管理"", null, ""appstore"", true, 14, ""SYS""),"
"AccessService.cs","78","I18n","Hardcoded Text","new(""SYS.TEMPLATE.DESIGN"", ""模板设计"", ""/templates"", ""appstore"", true, 141, ""SYS.TEMPLATE""),"
"AccessService.cs","79","I18n","Hardcoded Text","new(""SYS.TEMPLATE.ASSIGN"", ""模板分配"", null, ""branches"", false, 142, ""SYS.TEMPLATE""),"
"AccessService.cs","80","I18n","Hardcoded Text","new(""SYS.LOG"", ""日志管理"", null, ""audit"", true, 15, ""SYS""),"
"AccessService.cs","81","I18n","Hardcoded Text","new(""SYS.LOG.USER"", ""用户使用记录"", null, ""user"", false, 151, ""SYS.LOG""),"
"AccessService.cs","82","I18n","Hardcoded Text","new(""SYS.LOG.SYSTEM"", ""系统日志"", null, ""file-search"", false, 152, ""SYS.LOG""),"
"AccessService.cs","83","I18n","Hardcoded Text","new(""SYS.AI"", ""人工智能"", null, ""robot"", true, 16, ""SYS""),"
"AccessService.cs","84","I18n","Hardcoded Text","new(""SYS.AI.MODEL"", ""模型设置"", null, ""sliders"", false, 161, ""SYS.AI""),"
"AccessService.cs","85","I18n","Hardcoded Text","new(""SYS.AI.WORKFLOW"", ""工作流程"", null, ""branches"", false, 162, ""SYS.AI""),"
"AccessService.cs","86","I18n","Hardcoded Text","new(""SYS.AI.AGENT"", ""智能体"", null, ""apartment"", false, 163, ""SYS.AI""),"
"AccessService.cs","89","I18n","Hardcoded Text","new(""BAS"", ""基本设置"", null, ""appstore"", true, 20, ""APP.ROOT""),"
"AccessService.cs","90","I18n","Hardcoded Text","new(""BAS.ORG"", ""组织管理"", null, ""cluster"", true, 21, ""BAS""),"
"AccessService.cs","91","I18n","Hardcoded Text","new(""BAS.ORG.DIRECTORY"", ""组织档案"", ""/organizations"", ""cluster"", true, 211, ""BAS.ORG""),"
"AccessService.cs","92","I18n","Hardcoded Text","new(""BAS.ORG.ROLES"", ""角色管理"", ""/roles"", ""lock"", false, 212, ""BAS.ORG""),"
"AccessService.cs","93","I18n","Hardcoded Text","new(""BAS.AUTH"", ""用户与权限"", null, ""team"", true, 22, ""BAS""),"
"AccessService.cs","94","I18n","Hardcoded Text","new(""BAS.AUTH.USERS"", ""用户档案"", ""/users"", ""user"", true, 221, ""BAS.AUTH""),"
"AccessService.cs","95","I18n","Hardcoded Text","new(""BAS.AUTH.ROLE.PERM"", ""角色权限分配"", ""/roles"", ""safety"", true, 222, ""BAS.AUTH""),"
"AccessService.cs","96","I18n","Hardcoded Text","new(""BAS.AUTH.USER.ROLE"", ""用户角色分配"", ""/users"", ""team"", true, 223, ""BAS.AUTH""),"
"AccessService.cs","99","I18n","Hardcoded Text","new(""CRM"", ""客户关系"", null, ""team"", true, 30, ""APP.ROOT""),"
"AccessService.cs","100","I18n","Hardcoded Text","new(""CRM.CORE"", ""基本档案"", null, ""database"", true, 31, ""CRM""),"
"AccessService.cs","101","I18n","Hardcoded Text","new(""CRM.CORE.ACCOUNTS"", ""客户主档"", ""/customers"", ""team"", true, 311, ""CRM.CORE""),"
"AccessService.cs","102","I18n","Hardcoded Text","new(""CRM.CORE.CONTRACTS"", ""合约管理"", null, ""file-done"", false, 312, ""CRM.CORE""),"
"AccessService.cs","103","I18n","Hardcoded Text","new(""CRM.CORE.IMPLEMENT"", ""实施管理"", null, ""tool"", false, 313, ""CRM.CORE""),"
"AccessService.cs","104","I18n","Hardcoded Text","new(""CRM.CORE.SERVICE"", ""运维管理"", null, ""safety"", false, 314, ""CRM.CORE""),"
"AccessService.cs","105","I18n","Hardcoded Text","new(""CRM.PLAN"", ""计划管理"", null, ""calendar"", true, 32, ""CRM""),"
"AccessService.cs","106","I18n","Hardcoded Text","new(""CRM.PLAN.TASKS"", ""计划任务"", null, ""schedule"", true, 321, ""CRM.PLAN""),"
"AccessService.cs","107","I18n","Hardcoded Text","new(""CRM.PLAN.SCHEDULE"", ""日程安排"", null, ""calendar"", false, 322, ""CRM.PLAN""),"
"AccessService.cs","108","I18n","Hardcoded Text","new(""CRM.PLAN.EXEC"", ""作业执行"", null, ""play-circle"", false, 323, ""CRM.PLAN""),"
"AccessService.cs","109","I18n","Hardcoded Text","new(""CRM.PLAN.KANBAN"", ""作业看板"", null, ""appstore"", false, 324, ""CRM.PLAN""),"
"AccessService.cs","112","I18n","Hardcoded Text","new(""KB"", ""知识库"", null, ""book"", true, 40, ""APP.ROOT""),"
"AccessService.cs","113","I18n","Hardcoded Text","new(""KB.QA"", ""问与答"", null, ""question-circle"", true, 41, ""KB""),"
"AccessService.cs","114","I18n","Hardcoded Text","new(""KB.QA.FAQ"", ""常见问答"", null, ""question-circle"", true, 411, ""KB.QA""),"
"AccessService.cs","115","I18n","Hardcoded Text","new(""KB.QA.CUSTOMER"", ""客户问答库"", null, ""message"", false, 412, ""KB.QA""),"
"AccessService.cs","116","I18n","Hardcoded Text","new(""KB.QA.REPLY"", ""答复模板"", null, ""file-text"", false, 413, ""KB.QA""),"
"AccessService.cs","117","I18n","Hardcoded Text","new(""KB.PROD"", ""产品与补丁"", null, ""build"", true, 42, ""KB""),"
"AccessService.cs","118","I18n","Hardcoded Text","new(""KB.PROD.VERSION"", ""产品版本"", null, ""barcode"", true, 421, ""KB.PROD""),"
"AccessService.cs","119","I18n","Hardcoded Text","new(""KB.PROD.PATCH"", ""补丁管理"", null, ""tool"", false, 422, ""KB.PROD""),"
"AccessService.cs","120","I18n","Hardcoded Text","new(""KB.PROD.DEPLOY"", ""客户部署记录"", null, ""file-search"", false, 423, ""KB.PROD""),"
"AccessService.cs","121","I18n","Hardcoded Text","new(""KB.DOC"", ""文档与手册"", null, ""book"", true, 43, ""KB""),"
"AccessService.cs","122","I18n","Hardcoded Text","new(""KB.DOC.PRODUCT"", ""产品文档"", null, ""book"", true, 431, ""KB.DOC""),"
"AccessService.cs","123","I18n","Hardcoded Text","new(""KB.DOC.MANUAL"", ""操作手册"", null, ""read"", false, 432, ""KB.DOC""),"
"AccessService.cs","126","I18n","Hardcoded Text","new(""COLLAB"", ""工作协作"", null, ""team"", true, 50, ""APP.ROOT""),"
"AccessService.cs","127","I18n","Hardcoded Text","new(""COLLAB.WORK"", ""工作记录"", null, ""schedule"", true, 51, ""COLLAB""),"
"AccessService.cs","128","I18n","Hardcoded Text","new(""COLLAB.WORK.PERSONAL"", ""个人记录"", null, ""user"", true, 511, ""COLLAB.WORK""),"
"AccessService.cs","129","I18n","Hardcoded Text","new(""COLLAB.WORK.LOG"", ""工作日志"", null, ""file-text"", false, 512, ""COLLAB.WORK""),"
"AccessService.cs","130","I18n","Hardcoded Text","new(""COLLAB.FILE"", ""文件管理"", null, ""paper-clip"", true, 52, ""COLLAB""),"
"AccessService.cs","131","I18n","Hardcoded Text","new(""COLLAB.FILE.ATTACH"", ""附件管理"", null, ""paper-clip"", true, 521, ""COLLAB.FILE""),"
"AccessService.cs","132","I18n","Hardcoded Text","new(""COLLAB.FILE.COMMENT"", ""评论历史"", null, ""comment"", false, 522, ""COLLAB.FILE"")"
"AccessService.cs","615","I18n","Hardcoded Text","name: ""应用根节点"","
"AccessService.cs","625","I18n","Hardcoded Text","name: ""基本档案"","
"CSharpCodeGenerator.cs","40","I18n","Hardcoded Text","sb.AppendLine($""    /// 自动生成于: {DateTime.UtcNow:yyyy-MM-dd HH:mm:ss} UTC"");"
"CSharpCodeGenerator.cs","176","I18n","Hardcoded Text","FieldDataType.String => ""string"",  // 注意：Text 是 String 的别名"
"CSharpCodeGenerator.cs","214","I18n","Hardcoded Text","if (field.DataType == FieldDataType.String)  // Text是String的别名，只需检查String"
"CSharpCodeGenerator.cs","226","I18n","Hardcoded Text","FieldDataType.String => $"" = \""{field.DefaultValue}\"";"",  // Text是String的别名"
"CSharpCodeGenerator.cs","248","I18n","Hardcoded Text","sb.AppendLine(""    /// 基础实体接口 - 所有实体都应实现此接口"");"
"CSharpCodeGenerator.cs","249","I18n","Hardcoded Text","sb.AppendLine(""    /// 包含逻辑删除支持（系统级安全机制）"");"
"CSharpCodeGenerator.cs","260","I18n","Hardcoded Text","sb.AppendLine(""    /// 档案实体接口 - 包含Code和Name"");"
"CSharpCodeGenerator.cs","269","I18n","Hardcoded Text","sb.AppendLine(""    /// 可审计接口 - 包含创建和修改信息"");"
"CSharpCodeGenerator.cs","281","I18n","Hardcoded Text","sb.AppendLine(""    /// 版本管理接口"");"
"CSharpCodeGenerator.cs","289","I18n","Hardcoded Text","sb.AppendLine(""    /// 时间版本接口 - 支持时间范围的版本管理"");"
"CSharpCodeGenerator.cs","299","I18n","Hardcoded Text","sb.AppendLine(""    /// 组织维度接口 - 记录所属组织及其树路径"");"
"DefaultTemplateGenerator.cs","186","I18n","Hardcoded Text","await _db.SaveChangesAsync(ct); // 保存以获取 TemplateId"
"DefaultTemplateGenerator.cs","212","I18n","Hardcoded Text","? Math.Min(fieldsForUsage.Count, 8) // 列表模板只取前 8 个字段生成列"
"DefaultTemplateGenerator.cs","291","I18n","Hardcoded Text","[""zh""] = ""编码"","
"DefaultTemplateGenerator.cs","303","I18n","Hardcoded Text","[""zh""] = ""名称"","
"DefaultTemplateGenerator.cs","304","I18n","Hardcoded Text","[""ja""] = ""名称"","
"EntityDefinitionAggregateService.cs","37","I18n","Hardcoded Text",".Include(e => e.Fields.Where(f => f.SubEntityDefinitionId == null)) // 只加载主实体字段"
"EntityLockService.cs","158","I18n","Hardcoded Text","""Interfaces"" // 接口配置"
"EntityLockService.cs","163","I18n","Hardcoded Text","return (false, $""实体已被锁定，不允许修改 {propertyName} 属性"");"
"EntityLockService.cs","201","I18n","Hardcoded Text","lockInfo.Reasons.Add(""实体已发布"");"
"EntityLockService.cs","209","I18n","Hardcoded Text","lockInfo.Reasons.Add($""被 {templateCount} 个表单模板引用"");"
"EntityLockService.cs","217","I18n","Hardcoded Text","lockInfo.Reasons.Add($""作为 {childCount} 个子实体的父实体"");"
"EntityLockService.cs","225","I18n","Hardcoded Text","lockInfo.Reasons.Add($""被 {referencedByCount} 个字段引用"");"
"EntityLockService.cs","244","I18n","Hardcoded Text","result.Errors.Add(""实体不存在"");"
"EntityLockService.cs","250","I18n","Hardcoded Text","return result; // 未锁定，允许所有修改"
"EntityLockService.cs","257","I18n","Hardcoded Text","result.Errors.Add(""实体已锁定，不允许修改实体名称"");"
"EntityLockService.cs","263","I18n","Hardcoded Text","result.Errors.Add(""实体已锁定，不允许修改命名空间"");"
"EntityLockService.cs","269","I18n","Hardcoded Text","result.Errors.Add(""实体已锁定，不允许修改结构类型"");"
"EntityMenuRegistrar.cs","114","I18n","Hardcoded Text","Name = ""应用根节点"","
"EntityMenuRegistrar.cs","169","I18n","Hardcoded Text","if (!string.Equals(moduleNode.Name, ""业务实体"", StringComparison.Ordinal))"
"EntityMenuRegistrar.cs","171","I18n","Hardcoded Text","moduleNode.Name = ""业务实体"";"
"EntityMenuRegistrar.cs","188","I18n","Hardcoded Text","Name = ""业务实体"","
"EntityPublishingService.cs","789","I18n","Hardcoded Text","codes.EditCode); // Create 使用和 Edit 相同的权限"
"EntityPublishingService.cs","868","I18n","Hardcoded Text","return result; // 没有枚举字段，无需验证"
"EntitySchemaAlignmentService.cs","159","I18n","Hardcoded Text","var dataType = MapDataTypeToSQL(field).Replace("" NOT NULL"", """"); // 暂时移除 NOT NULL"
"EntitySchemaAlignmentService.cs","361","I18n","Hardcoded Text","""String"" => ""''"", // 空字符串"
"EnumDefinitionService.cs","92","I18n","Hardcoded Text","throw new InvalidOperationException($""枚举代码 '{request.Code}' 已存在"");"
"EnumDefinitionService.cs","146","I18n","Hardcoded Text","throw new InvalidOperationException(""系统枚举不可修改"");"
"EnumDefinitionService.cs","174","I18n","Hardcoded Text","throw new InvalidOperationException(""系统枚举不可删除"");"
"EnumDefinitionService.cs","181","I18n","Hardcoded Text","throw new InvalidOperationException(""该枚举正在被字段引用，无法删除"");"
"EnumDefinitionService.cs","202","I18n","Hardcoded Text","throw new InvalidOperationException(""枚举定义不存在"");"
"EnumDefinitionService.cs","207","I18n","Hardcoded Text","throw new InvalidOperationException(""系统枚举的选项不可修改"");"
"EnumSeeder.cs","29","I18n","Hardcoded Text","{ ""zh"", ""表单模板使用类型"" },"
"EnumSeeder.cs","31","I18n","Hardcoded Text","{ ""ja"", ""フォームテンプレート使用タイプ"" }"
"EnumSeeder.cs","34","I18n","Hardcoded Text","(""DETAIL"", new Dictionary<string, string?> { { ""zh"", ""详情"" }, { ""en"", ""Detail"" }, { ""ja"", ""詳細"" } }, 0),"
"EnumSeeder.cs","35","I18n","Hardcoded Text","(""EDIT"", new Dictionary<string, string?> { { ""zh"", ""编辑"" }, { ""en"", ""Edit"" }, { ""ja"", ""編集"" } }, 1),"
"EnumSeeder.cs","36","I18n","Hardcoded Text","(""LIST"", new Dictionary<string, string?> { { ""zh"", ""列表"" }, { ""en"", ""List"" }, { ""ja"", ""リスト"" } }, 2),"
"EnumSeeder.cs","37","I18n","Hardcoded Text","(""COMBINED"", new Dictionary<string, string?> { { ""zh"", ""组合"" }, { ""en"", ""Combined"" }, { ""ja"", ""組み合わせ"" } }, 3)"
"EnumSeeder.cs","43","I18n","Hardcoded Text","{ ""zh"", ""布局模式"" },"
"EnumSeeder.cs","50","I18n","Hardcoded Text","{ ""zh"", ""左列表右明细"" },"
"EnumSeeder.cs","52","I18n","Hardcoded Text","{ ""ja"", ""左リスト右詳細"" }"
"EnumSeeder.cs","56","I18n","Hardcoded Text","{ ""zh"", ""上列表下明细"" },"
"EnumSeeder.cs","58","I18n","Hardcoded Text","{ ""ja"", ""上リスト下詳細"" }"
"EnumSeeder.cs","62","I18n","Hardcoded Text","{ ""zh"", ""仅列表"" },"
"EnumSeeder.cs","71","I18n","Hardcoded Text","{ ""zh"", ""详情显示模式"" },"
"EnumSeeder.cs","73","I18n","Hardcoded Text","{ ""ja"", ""詳細表示モード"" }"
"EnumSeeder.cs","78","I18n","Hardcoded Text","{ ""zh"", ""内嵌显示"" },"
"EnumSeeder.cs","80","I18n","Hardcoded Text","{ ""ja"", ""インライン表示"" }"
"EnumSeeder.cs","84","I18n","Hardcoded Text","{ ""zh"", ""模态框"" },"
"EnumSeeder.cs","90","I18n","Hardcoded Text","{ ""zh"", ""独立页面"" },"
"EnumSeeder.cs","92","I18n","Hardcoded Text","{ ""ja"", ""独立ページ"" }"
"EnumSeeder.cs","99","I18n","Hardcoded Text","{ ""zh"", ""模态框大小"" },"
"EnumSeeder.cs","106","I18n","Hardcoded Text","{ ""zh"", ""小"" },"
"EnumSeeder.cs","108","I18n","Hardcoded Text","{ ""ja"", ""小"" }"
"EnumSeeder.cs","112","I18n","Hardcoded Text","{ ""zh"", ""中"" },"
"EnumSeeder.cs","114","I18n","Hardcoded Text","{ ""ja"", ""中"" }"
"EnumSeeder.cs","118","I18n","Hardcoded Text","{ ""zh"", ""大"" },"
"EnumSeeder.cs","120","I18n","Hardcoded Text","{ ""ja"", ""大"" }"
"EnumSeeder.cs","124","I18n","Hardcoded Text","{ ""zh"", ""超大"" },"
"EnumSeeder.cs","126","I18n","Hardcoded Text","{ ""ja"", ""特大"" }"
"EnumSeeder.cs","133","I18n","Hardcoded Text","{ ""zh"", ""是/否"" },"
"EnumSeeder.cs","138","I18n","Hardcoded Text","(""TRUE"", new Dictionary<string, string?> { { ""zh"", ""是"" }, { ""en"", ""Yes"" }, { ""ja"", ""はい"" } }, 0),"
"EnumSeeder.cs","139","I18n","Hardcoded Text","(""FALSE"", new Dictionary<string, string?> { { ""zh"", ""否"" }, { ""en"", ""No"" }, { ""ja"", ""いいえ"" } }, 1)"
"EnumSeeder.cs","145","I18n","Hardcoded Text","{ ""zh"", ""性别"" },"
"EnumSeeder.cs","147","I18n","Hardcoded Text","{ ""ja"", ""性別"" }"
"EnumSeeder.cs","150","I18n","Hardcoded Text","(""MALE"", new Dictionary<string, string?> { { ""zh"", ""男"" }, { ""en"", ""Male"" }, { ""ja"", ""男性"" } }, 0),"
"EnumSeeder.cs","151","I18n","Hardcoded Text","(""FEMALE"", new Dictionary<string, string?> { { ""zh"", ""女"" }, { ""en"", ""Female"" }, { ""ja"", ""女性"" } }, 1),"
"EnumSeeder.cs","152","I18n","Hardcoded Text","(""OTHER"", new Dictionary<string, string?> { { ""zh"", ""其他"" }, { ""en"", ""Other"" }, { ""ja"", ""その他"" } }, 2)"
"EnumSeeder.cs","158","I18n","Hardcoded Text","{ ""zh"", ""优先级"" },"
"EnumSeeder.cs","160","I18n","Hardcoded Text","{ ""ja"", ""優先度"" }"
"EnumSeeder.cs","163","I18n","Hardcoded Text","(""LOW"", new Dictionary<string, string?> { { ""zh"", ""低"" }, { ""en"", ""Low"" }, { ""ja"", ""低"" } }, 0, ""green""),"
"EnumSeeder.cs","164","I18n","Hardcoded Text","(""MEDIUM"", new Dictionary<string, string?> { { ""zh"", ""中"" }, { ""en"", ""Medium"" }, { ""ja"", ""中"" } }, 1, ""blue""),"
"EnumSeeder.cs","165","I18n","Hardcoded Text","(""HIGH"", new Dictionary<string, string?> { { ""zh"", ""高"" }, { ""en"", ""High"" }, { ""ja"", ""高"" } }, 2, ""orange""),"
"EnumSeeder.cs","166","I18n","Hardcoded Text","(""URGENT"", new Dictionary<string, string?> { { ""zh"", ""紧急"" }, { ""en"", ""Urgent"" }, { ""ja"", ""緊急"" } }, 3, ""red"")"
"EnumSeeder.cs","172","I18n","Hardcoded Text","{ ""zh"", ""状态"" },"
"EnumSeeder.cs","177","I18n","Hardcoded Text","(""ACTIVE"", new Dictionary<string, string?> { { ""zh"", ""激活"" }, { ""en"", ""Active"" }, { ""ja"", ""有効"" } }, 0, ""green""),"
"EnumSeeder.cs","178","I18n","Hardcoded Text","(""INACTIVE"", new Dictionary<string, string?> { { ""zh"", ""未激活"" }, { ""en"", ""Inactive"" }, { ""ja"", ""無効"" } }, 1, ""gray""),"
"EnumSeeder.cs","179","I18n","Hardcoded Text","(""PENDING"", new Dictionary<string, string?> { { ""zh"", ""待处理"" }, { ""en"", ""Pending"" }, { ""ja"", ""保留中"" } }, 2, ""blue""),"
"EnumSeeder.cs","180","I18n","Hardcoded Text","(""ARCHIVED"", new Dictionary<string, string?> { { ""zh"", ""已归档"" }, { ""en"", ""Archived"" }, { ""ja"", ""アーカイブ済み"" } }, 3, ""gray"")"
"EnumSeeder.cs","186","I18n","Hardcoded Text","{ ""zh"", ""客户类型"" },"
"EnumSeeder.cs","188","I18n","Hardcoded Text","{ ""ja"", ""顧客タイプ"" }"
"EnumSeeder.cs","193","I18n","Hardcoded Text","{ ""zh"", ""个人客户"" },"
"EnumSeeder.cs","195","I18n","Hardcoded Text","{ ""ja"", ""個人顧客"" }"
"EnumSeeder.cs","199","I18n","Hardcoded Text","{ ""zh"", ""企业客户"" },"
"EnumSeeder.cs","201","I18n","Hardcoded Text","{ ""ja"", ""企業顧客"" }"
"EnumSeeder.cs","205","I18n","Hardcoded Text","{ ""zh"", ""合作伙伴"" },"
"EnumSeeder.cs","211","I18n","Hardcoded Text","{ ""zh"", ""VIP客户"" },"
"EnumSeeder.cs","213","I18n","Hardcoded Text","{ ""ja"", ""VIP顧客"" }"
"PostgreSQLDDLGenerator.cs","21","I18n","Hardcoded Text","sb.AppendLine($""-- 创建表：{displayName} ({entity.EntityName})"");"
"PostgreSQLDDLGenerator.cs","68","I18n","Hardcoded Text","sb.AppendLine($""-- 修改表：{displayName} - 添加新字段"");"
"PostgreSQLDDLGenerator.cs","88","I18n","Hardcoded Text","sb.AppendLine($""-- 修改表：{displayName} - 修改字段长度"");"
"PostgreSQLDDLGenerator.cs","122","I18n","Hardcoded Text","FieldDataType.String => length.HasValue ? $""VARCHAR({length})"" : ""TEXT"",  // 注意：Text是String的别名"
"PostgreSQLDDLGenerator.cs","146","I18n","Hardcoded Text","FieldDataType.String => $""'{field.DefaultValue}'"",  // 注意：Text是String的别名"
"PostgreSQLDDLGenerator.cs","161","I18n","Hardcoded Text","var addedColumns = new HashSet<string>(); // 防止重复添加"
"PostgreSQLDDLGenerator.cs","238","I18n","Hardcoded Text","sb.AppendLine($""-- 主键"");"
"PostgreSQLDDLGenerator.cs","294","I18n","Hardcoded Text","sb.AppendLine(""-- 外键约束"");"
"PostgreSQLDDLGenerator.cs","347","I18n","Hardcoded Text","sb.AppendLine(""-- 表注释"");"
"PostgreSQLDDLGenerator.cs","369","I18n","Hardcoded Text","sb.AppendLine($""-- 删除表：{displayName} ({entity.EntityName})"");"
"RoslynCompiler.cs","153","I18n","Hardcoded Text","return tree.WithFilePath(kvp.Key); // 设置文件路径以便错误定位"
"SubEntityCodeGenerator.cs","130","I18n","Hardcoded Text","sb.AppendLine($""    /// {displayName}（子实体）"");"
"SubEntityCodeGenerator.cs","142","I18n","Hardcoded Text","sb.AppendLine($""    /// 所属主实体: {mainEntity.EntityName}"");"
"SubEntityCodeGenerator.cs","144","I18n","Hardcoded Text","sb.AppendLine($""    /// 自动生成于: {DateTime.UtcNow:yyyy-MM-dd HH:mm:ss} UTC"");"
"SubEntityCodeGenerator.cs","164","I18n","Hardcoded Text","sb.AppendLine(""        /// 主键ID"");"
"SubEntityCodeGenerator.cs","180","I18n","Hardcoded Text","sb.AppendLine($""        /// 所属{mainEntity.EntityName}的ID（外键）"");"
"SubEntityCodeGenerator.cs","204","I18n","Hardcoded Text","sb.AppendLine($""        /// 导航属性：所属{mainEntity.EntityName}"");"
"SubEntityCodeGenerator.cs","254","I18n","Hardcoded Text","sb.AppendLine($""    /// {displayName}聚合VO"");"
"SubEntityCodeGenerator.cs","256","I18n","Hardcoded Text","sb.AppendLine($""    /// 包含主实体及其所有子实体"");"
"SubEntityCodeGenerator.cs","258","I18n","Hardcoded Text","sb.AppendLine($""    /// 自动生成于: {DateTime.UtcNow:yyyy-MM-dd HH:mm:ss} UTC"");"
"SubEntityCodeGenerator.cs","272","I18n","Hardcoded Text","sb.AppendLine($""        /// {displayName}（主实体）"");"
"SubEntityCodeGenerator.cs","292","I18n","Hardcoded Text","sb.AppendLine($""        /// {subDisplayName}列表"");"
"SystemMenuSeeder.cs","30","I18n","Hardcoded Text","var sysDomain = await EnsureDomainNodeAsync(root, ""SYS"", ""系统管理"", ""setting"", 900);"
"SystemMenuSeeder.cs","36","I18n","Hardcoded Text","""模型与枚举"","
"SystemMenuSeeder.cs","42","I18n","Hardcoded Text","[""zh""] = ""模型与枚举"","
"SystemMenuSeeder.cs","43","I18n","Hardcoded Text","[""ja""] = ""モデルと列挙"","
"SystemMenuSeeder.cs","51","I18n","Hardcoded Text","""枚举管理"","
"SystemMenuSeeder.cs","57","I18n","Hardcoded Text","[""zh""] = ""枚举管理"","
"SystemMenuSeeder.cs","58","I18n","Hardcoded Text","[""ja""] = ""列挙管理"","
"SystemMenuSeeder.cs","66","I18n","Hardcoded Text","""业务实体编辑"","
"SystemMenuSeeder.cs","72","I18n","Hardcoded Text","[""zh""] = ""实体管理"","
"SystemMenuSeeder.cs","73","I18n","Hardcoded Text","[""ja""] = ""エンティティ管理"","
"SystemMenuSeeder.cs","78","I18n","Hardcoded Text","var menuEditorMenu = await EnsureMenuNodeAsync(sysDomain, ""SYS.SET.MENU"", ""菜单编辑器"", ""/menus"", ""menu"", 20);"
"SystemMenuSeeder.cs","96","I18n","Hardcoded Text","Name = ""应用根节点"","
"SystemMenuSeeder.cs","114","I18n","Hardcoded Text","[""ja""] = ""システム管理"""
"TemplateService.cs","81","I18n","Hardcoded Text","var grouped = templates.GroupBy(t => t.EntityType ?? ""未分类"")"
"TemplateService.cs","177","I18n","Hardcoded Text","IsSystemDefault = false, // 只有管理员可以设置系统默认"
"TemplateService.cs","304","I18n","Hardcoded Text","IsUserDefault = false, // 复制的模板默认不是用户默认模板"
"TemplateService.cs","305","I18n","Hardcoded Text","IsSystemDefault = false, // 用户创建的模板不能是系统模板"
"TemplateService.cs","308","I18n","Hardcoded Text","Description = request.Description ?? $""从 '{sourceTemplate.Name}' 复制"","
"TemplateService.cs","315","I18n","Hardcoded Text","Version = 1, // 新模板版本从 1 开始"
"TemplateService.cs","379","I18n","Hardcoded Text","Description = $""从系统模板 '{template.Name}' 复制"","
"ViewStateSeeder.cs","35","I18n","Hardcoded Text","[""zh""] = ""视图状态"","
"ViewStateSeeder.cs","42","I18n","Hardcoded Text","[""zh""] = ""定义实体在不同场景下的视图状态"","
"ViewStateSeeder.cs","44","I18n","Hardcoded Text","[""ja""] = ""異なるシナリオでのエンティティのビューステートを定義"""
"ViewStateSeeder.cs","50","I18n","Hardcoded Text","(""列表"", ""List"", ""リスト""),"
"ViewStateSeeder.cs","51","I18n","Hardcoded Text","(""显示实体列表（数据网格）"", ""Display entity list (data grid)"", ""エンティティの一覧（データグリッド）を表示"")),"
"ViewStateSeeder.cs","53","I18n","Hardcoded Text","(""详情"", ""Detail View"", ""詳細表示""),"
"ViewStateSeeder.cs","54","I18n","Hardcoded Text","(""以只读模式查看实体详细信息"", ""View entity details in read-only mode"", ""エンティティ詳細を参照モードで表示"")),"
"ViewStateSeeder.cs","56","I18n","Hardcoded Text","(""编辑"", ""Detail Edit"", ""詳細編集""),"
"ViewStateSeeder.cs","57","I18n","Hardcoded Text","(""以编辑模式查看实体详细信息"", ""Edit entity details"", ""エンティティ詳細を編集"")),"
"ViewStateSeeder.cs","59","I18n","Hardcoded Text","(""创建"", ""Create"", ""作成""),"
"ViewStateSeeder.cs","60","I18n","Hardcoded Text","(""创建新实体记录"", ""Create a new entity record"", ""新しいエンティティレコードを作成""))"
"Program.cs","110","I18n","Hardcoded Text","Description = ""客户信息管理系统 - 动态实体定义、表单设计、AggVO聚合根管理"","
"Program.cs","134","I18n","Hardcoded Text","Description = ""请输入JWT令牌，格式：Bearer {token}"""
"Program.cs","305","I18n","Hardcoded Text","Upsert(""TXT_AUTH_HERO_TITLE"", ""智能连接 · 体验合一"", ""インテリジェントにつながり、体験をひとつに"", ""Smart links, unified experience"");"
"Program.cs","306","I18n","Hardcoded Text","Upsert(""TXT_AUTH_HERO_SUBTITLE"", ""在一个平台洞察、协作、成长，让客户关系更高效。"", ""ひとつのプラットフォームで洞察・協働・成長を実現し、顧客関係をしなやかに。"", ""One platform for insight, collaboration, and growth."");"
"Program.cs","307","I18n","Hardcoded Text","Upsert(""TXT_AUTH_HERO_POINT1"", ""统一视图 — 打通客户、项目与数据的全局视角"", ""統一ビュー — 顧客・プロジェクト・データを横断する全体視点"", ""Unified view — A global perspective across customers, projects, and data"");"
"Program.cs","308","I18n","Hardcoded Text","Upsert(""TXT_AUTH_HERO_POINT2"", ""智能协作 — 实时共享信息，让决策更快一步"", ""スマートな協働 — 情報を即時共有し、意思決定を一歩先へ"", ""Intelligent collaboration — Share in real time and decide faster"");"
"Program.cs","309","I18n","Hardcoded Text","Upsert(""TXT_AUTH_HERO_POINT3"", ""体验一致 — 无论何处登录，体验始终如一"", ""一貫した体験 — どこからログインしても変わらない体験"", ""Consistent experience — The same experience wherever you sign in"");"
"Program.cs","310","I18n","Hardcoded Text","Upsert(""TXT_AUTH_HERO_POINT4"", ""多语言支持 — 为全球团队打造无边界协作空间"", ""多言語対応 — グローバルチームのための境界のない協働空間"", ""Multilingual support — A boundaryless workspace for global teams"");"
"Program.cs","311","I18n","Hardcoded Text","Upsert(""TXT_AUTH_TAGLINE"", ""让关系更智能，让协作更自然。"", ""関係をもっとスマートに、協働をもっと自然に。"", ""Make relationships smarter, collaboration more natural."");"
"Program.cs","312","I18n","Hardcoded Text","Upsert(""LBL_SECURE"", ""智能 · 稳定 · 开放"", ""スマート・堅牢・オープン"", ""Smart · Resilient · Open"");"
"Program.cs","313","I18n","Hardcoded Text","Upsert(""LBL_WELCOME_BACK"", ""欢迎回来"", ""おかえりなさい"", ""Welcome back"");"
"FrameDesignRenderer.razor","3","I18n","Hardcoded Text","@* Frame 容器的设计态渲染器 *@"
"FrameDesignRenderer.razor","18","I18n","Hardcoded Text","拖入组件到框架"
"GenericContainerDesignRenderer.razor","3","I18n","Hardcoded Text","@* 通用容器的设计态渲染器（用于未知容器类型） *@"
"GenericContainerDesignRenderer.razor","11","I18n","Hardcoded Text","容器: @Container.Type"
"GenericContainerDesignRenderer.razor","23","I18n","Hardcoded Text","拖入组件到此容器"
"GridDesignRenderer.razor","3","I18n","Hardcoded Text","@* Grid 容器的设计态渲染器 *@"
"GridDesignRenderer.razor","21","I18n","Hardcoded Text","拖入组件到网格"
"PanelDesignRenderer.razor","3","I18n","Hardcoded Text","@* Panel 容器的设计态渲染器 *@"
"PanelDesignRenderer.razor","8","I18n","Hardcoded Text","@(string.IsNullOrWhiteSpace(Panel.Title) ? ""面板标题"" : Panel.Title)"
"PanelDesignRenderer.razor","11","I18n","Hardcoded Text","@* 拖放区域：空状态时无padding，有子组件时有padding *@"
"PanelDesignRenderer.razor","26","I18n","Hardcoded Text","拖入组件到面板"
"SectionDesignRenderer.razor","5","I18n","Hardcoded Text","@* Section 容器的设计态渲染器 *@"
"SectionDesignRenderer.razor","17","I18n","Hardcoded Text","@* 拖放区域：空状态时无padding让placeholder填满，有子组件时有padding分隔 *@"
"TabContainerDesignRenderer.razor","3","I18n","Hardcoded Text","@* TabContainer 容器的设计态渲染器 *@"
"TabContainerDesignRenderer.razor","6","I18n","Hardcoded Text","<div style=""padding:4px 12px; background:#1890ff; color:#fff; border-radius:4px 4px 0 0; font-size:12px"">标签1</div>"
"TabContainerDesignRenderer.razor","7","I18n","Hardcoded Text","<div style=""padding:4px 12px; background:#f0f0f0; color:#666; border-radius:4px 4px 0 0; font-size:12px"">标签2</div>"
"TabContainerDesignRenderer.razor","8","I18n","Hardcoded Text","<div style=""padding:4px 12px; background:#f0f0f0; color:#666; border-radius:4px 4px 0 0; font-size:12px"">标签3</div>"
"TabContainerDesignRenderer.razor","10","I18n","Hardcoded Text","@* 拖放区域：空状态时无padding，有子组件时有padding *@"
"TabContainerDesignRenderer.razor","25","I18n","Hardcoded Text","拖入Tab组件到标签容器"
"LabelPreview.razor","1","I18n","Hardcoded Text","@* Label 设计态预览组件 *@"
"NumberPreview.razor","1","I18n","Hardcoded Text","@* Number 设计态预览组件 *@"
"TextboxPreview.razor","1","I18n","Hardcoded Text","@* Textbox 设计态预览组件 *@"
"AuthShell.razor","70","I18n","Hardcoded Text","new(""zh"", ""中文""),"
"AuthShell.razor","71","I18n","Hardcoded Text","new(""ja"", ""日本語""),"
"SimpleLayout.razor","6","I18n","Hardcoded Text","@* 简单布局：只有Logo + Header + Body，无侧边栏 *@"
"EntityDefinitionEdit.razor","335","I18n","Hardcoded Text","@* 子实体管理（仅MasterDetail和MasterDetailGrandchild结构） *@"
"Files.razor","3","I18n","Hardcoded Text","<h3>文件上传（MinIO/S3）</h3>"
"Files.razor","6","I18n","Hardcoded Text","<button class=""ant-btn ant-btn-primary"" @onclick=""UploadAsync"" disabled=""@(selectedFile is null)"">上传</button>"
"Files.razor","10","I18n","Hardcoded Text","<p>已上传：<a href=""@lastUrl"" target=""_blank"">@lastUrl</a></p>"
"Login.razor","250","I18n","Hardcoded Text","StateHasChanged(); // 立即更新UI显示loading状态"
"MasterDetailConfig.razor","45","I18n","Hardcoded Text","<!-- 实体基本信息 -->"
"MasterDetailConfig.razor","57","I18n","Hardcoded Text","<!-- 结构类型配置 -->"
"MasterDetailConfig.razor","81","I18n","Hardcoded Text","<!-- 子实体配置（仅在主子结构时显示） -->"
"MasterDetailConfig.razor","140","I18n","Hardcoded Text","<!-- 配置说明 -->"
"MasterDetailConfig.razor","164","I18n","Hardcoded Text","<!-- 添加子实体对话框 -->"
"MasterDetailConfig.razor","217","I18n","Hardcoded Text","<!-- 结构预览对话框 -->"
"PageLoader.razor","778","I18n","Hardcoded Text","await LoadData(); // 重新加载数据"
"Profile.razor","225","I18n","Hardcoded Text","email = userInfo?.Email ?? ""未设置"";"
"Profile.razor","277","I18n","Hardcoded Text","passwordForm = new(); // 清空表单"
"EntitySelector.razor","114","I18n","Hardcoded Text","[Parameter] public Func<TEntity, string>? DisplayTextGetter { get; set; }  // 获取显示文本"
"EntityWorkspace.razor","6","I18n","Hardcoded Text","EntityWorkspace - 统一的实体工作区组件"
"EntityWorkspace.razor","8","I18n","Hardcoded Text","实现通用主从模式（Universal Master-Detail Pattern）"
"EntityWorkspace.razor","9","I18n","Hardcoded Text","根据 LayoutMode 自动选择合适的布局容器"
"EnumOptionEditor.razor","9","I18n","Hardcoded Text","EnumOptionEditor - 枚举选项编辑器"
"EnumOptionEditor.razor","10","I18n","Hardcoded Text","用于管理枚举的所有选项：增删改、排序、启用/禁用"
"ListOnlyLayout.razor","6","I18n","Hardcoded Text","ListOnlyLayout - 仅列表布局"
"ListOnlyLayout.razor","8","I18n","Hardcoded Text","全页显示列表，详情通过独立页面展示"
"ListOnlyLayout.razor","9","I18n","Hardcoded Text","适用场景：数据量大，需要独立详情页面"
"ListOnlyLayout.razor","15","I18n","Hardcoded Text","@* TODO: 添加行级操作支持和详情导航 *@"
"ListTemplateHost.razor","12","I18n","Hardcoded Text","@* 列表模板运行宿主 - 渲染 UsageType=List 的模板 *@"
"ListTemplateHost.razor","64","I18n","Hardcoded Text","@* 调试信息 *@"
"ListTemplateHost.razor","237","I18n","Hardcoded Text","Mode = RuntimeWidgetRenderMode.Browse, // List 模板默认浏览模式"
"ListTemplateHost.razor","240","I18n","Hardcoded Text","ValueGetter = null, // List 模板中不需要对字段值取值"
"MultilingualInput.razor","4","I18n","Hardcoded Text","@* 多语言输入组件 - 自定义下拉 *@"
"MultilingualInput.razor.cs","71","I18n","Hardcoded Text","new() { Code = ""ja"", Name = ""日本語"" },"
"MultilingualInput.razor.cs","72","I18n","Hardcoded Text","new() { Code = ""zh"", Name = ""中文"" },"
"RoleFieldPermissions.razor","177","I18n","Hardcoded Text","CanRead = hasPermission && perm != null ? perm.CanRead : true,  // 默认可读"
"RoleFieldPermissions.razor","178","I18n","Hardcoded Text","CanWrite = hasPermission && perm != null ? perm.CanWrite : false, // 默认不可写"
"RoleTemplateSelector.razor","29","I18n","Hardcoded Text","[Parameter] public string InheritLabel { get; set; } = ""继承默认模板"";"
"RoleTemplateSelector.razor","64","I18n","Hardcoded Text","segments.Add(""默认"");"
"RoleTemplateSelector.razor","68","I18n","Hardcoded Text","segments.Add(""系统"");"
"SubFormRuntime.razor","9","I18n","Hardcoded Text","@* SubForm Widget 运行时渲染组件 - 主从表单 *@"
"SubFormRuntime.razor","45","I18n","Hardcoded Text","@* 表格模式 *@"
"SubFormRuntime.razor","108","I18n","Hardcoded Text","@* 卡片模式 *@"
"UserRoleAssignment.razor","189","I18n","Hardcoded Text","await LoadDataAsync(); // 重新加载以获取最新的角色分配信息"
"Routes.razor","29","I18n","Hardcoded Text","@* 初次运行引导：如果未配置，建议用户访问 /setup *@"
"CardWidget.cs","225","I18n","Hardcoded Text","builder.AddContent(13, ""拖放控件到这里"");"
"CardWidget.cs","229","I18n","Hardcoded Text","builder.CloseElement(); // 内容区域"
"ContainerLayoutOptions.cs","72","I18n","Hardcoded Text","styles.Add(""min-height: 60px""); // 确保空容器可见"
"LayoutOptions.cs","83","I18n","Hardcoded Text",": """";  // auto 时不输出任何高度"
"SubFormWidget.cs","233","I18n","Hardcoded Text","builder.AddContent(9, $""SubForm: {RelatedEntityType ?? ""未配置""}"");"
"SubFormWidget.cs","237","I18n","Hardcoded Text","builder.AddContent(12, $""外键: {ForeignKeyField ?? ""未配置""} | 模式: {DisplayMode}"");"
"WidgetJsonConverter.cs","22","I18n","Hardcoded Text","throw new JsonException(""Widget JSON 必须包含 'Type' 属性"");"
"WidgetJsonConverter.cs","28","I18n","Hardcoded Text","throw new JsonException(""Widget Type 不能为空"");"
"WidgetJsonConverter.cs","40","I18n","Hardcoded Text","throw new JsonException($""未知的 Widget 类型: '{widgetType}'。请确保该类型已在 WidgetRegistry 中注册。"", ex);"
"AbsLayout.cs","21","I18n","Hardcoded Text","public int Grid { get; set; } = 8; // 网格大小（px）"
"FieldViewModel.cs","135","I18n","Hardcoded Text","ValidationError = ""字段编码不能为空"";"
"FieldViewModel.cs","141","I18n","Hardcoded Text","ValidationError = ""字段编码必须以字母开头"";"
"FieldViewModel.cs","147","I18n","Hardcoded Text","ValidationError = ""字段编码只能包含字母、数字和下划线"";"
"FieldViewModel.cs","153","I18n","Hardcoded Text","ValidationError = ""显示名称不能为空"";"
"FieldViewModel.cs","159","I18n","Hardcoded Text","ValidationError = ""数据类型不能为空"";"
"FieldViewModel.cs","165","I18n","Hardcoded Text","ValidationError = ""字符串长度必须大于0"";"
"FieldViewModel.cs","173","I18n","Hardcoded Text","ValidationError = ""精度必须大于0"";"
"FieldViewModel.cs","179","I18n","Hardcoded Text","ValidationError = ""小数位数不能小于0"";"
"FieldViewModel.cs","185","I18n","Hardcoded Text","ValidationError = ""小数位数不能大于精度"";"
"FieldViewModel.cs","194","I18n","Hardcoded Text","ValidationError = ""请选择枚举定义"";"
"FlowItem.cs","16","I18n","Hardcoded Text","public int W { get; set; } = 6; // 栅格宽度（1-12）"
"LayoutMapper.cs","216","I18n","Hardcoded Text","widget.Width = 48; // 默认值"
"LayoutMapper.cs","247","I18n","Hardcoded Text","widget.Height = 40; // 默认值（仅在 HeightUnit==px 时生效）"
"LayoutMapper.cs","255","I18n","Hardcoded Text","widget.HeightUnit = ""auto""; // 默认 auto，不强制高度"
"DesignContainerRenderer.cs","82","I18n","Hardcoded Text","builder.AddContent(4, $""{container.Label} (嵌套)"");"
"DesignContainerRenderer.cs","197","I18n","Hardcoded Text","builder.AddContent(2, ""可拖放"");"
"DesignContainerRenderer.cs","205","I18n","Hardcoded Text","builder.AddContent(2, ""暂无标签"");"
"DesignContainerRenderer.cs","213","I18n","Hardcoded Text","builder.AddContent(2, ""拖拽控件到此"");"
"DesignContainerRenderer.cs","222","I18n","Hardcoded Text","builder.AddContent(2, ""尚未创建标签页"");"
"TabStateManager.cs","99","I18n","Hardcoded Text","return false; // 至少保留一个Tab"
"WidgetLabelHelper.cs","18","I18n","Hardcoded Text","if (widget.Type == ""frame"" && (widget.Label == ""容器"" || widget.Label == ""LBL_FRAME""))"
"WidgetRegistry.cs","60","I18n","Hardcoded Text",".Select(g => g.First()) // built-in 优先，动态补充"
"WidgetRegistry.cs","65","I18n","Hardcoded Text","LayoutWidgets = merged.Where(d => d.Category == WidgetCategory.Layout && d.Type != ""tab"").ToList(); // tab 是内部使用"
"WidgetRegistry.cs","72","I18n","Hardcoded Text","throw new InvalidOperationException($""未知的 Widget 类型: {type}"");"
"WidgetRegistry.cs","119","I18n","Hardcoded Text","if (type.GetConstructor(Type.EmptyTypes) == null) continue; // 需要无参构造"
"FieldActionService.cs","40","I18n","Hardcoded Text","_ => throw new NotSupportedException($""不支持的动作类型: {actionType}"")"
"FieldActionService.cs","45","I18n","Hardcoded Text","_logger.LogError(ex, ""[FieldActionService] 执行动作失败 ({ActionType})"", actionType);"
"FieldActionService.cs","116","I18n","Hardcoded Text","_logger.LogWarning(""[FieldActionService] RDP下载失败: {StatusCode}, {ErrorText}"", response.StatusCode, errorText);"
"FieldActionService.cs","122","I18n","Hardcoded Text","_logger.LogError(ex, ""[FieldActionService] RDP下载异常"");"
"FieldActionService.cs","146","I18n","Hardcoded Text","_logger.LogError(ex, ""[FieldActionService] 打开链接失败"");"
"FieldActionService.cs","166","I18n","Hardcoded Text","_logger.LogError(ex, ""[FieldActionService] 复制失败"");"
"FieldActionService.cs","220","I18n","Hardcoded Text","_logger.LogError(ex, ""[FieldActionService] 打开邮件失败"");"
"I18nService.cs","317","I18n","Hardcoded Text","[""TXT_DASH_EYEBROW""] = new() { [""zh""] = ""工作总览"", [""ja""] = ""ワークスペース概況"", [""en""] = ""Workspace Snapshot"" },"
"I18nService.cs","319","I18n","Hardcoded Text","[""TXT_DASH_TITLE""] = new() { [""zh""] = ""客户体验总览"", [""ja""] = ""顧客体験の概況"", [""en""] = ""Customer Experience Overview"" },"
"I18nService.cs","321","I18n","Hardcoded Text","[""TXT_DASH_SUBTITLE""] = new() { [""zh""] = ""快速掌握客户、项目与团队的关键脉搏。"", [""ja""] = ""顧客・案件・チームの脈をワンビューで把握。"", [""en""] = ""See key signals from customers, projects, and teams in one view."" },"
"I18nService.cs","323","I18n","Hardcoded Text","[""LBL_METRIC_PIPELINE""] = new() { [""zh""] = ""销售管道"", [""ja""] = ""パイプライン"", [""en""] = ""Pipeline"" },"
"I18nService.cs","325","I18n","Hardcoded Text","[""TXT_METRIC_PIPELINE_TREND""] = new() { [""zh""] = ""+8% 环比"", [""ja""] = ""+8% 前月比"", [""en""] = ""+8% MoM"" },"
"I18nService.cs","327","I18n","Hardcoded Text","[""LBL_METRIC_ACTIVE""] = new() { [""zh""] = ""活跃项目"", [""ja""] = ""稼働中案件"", [""en""] = ""Active Projects"" },"
"I18nService.cs","329","I18n","Hardcoded Text","[""TXT_METRIC_ACTIVE_TREND""] = new() { [""zh""] = ""+3 新建"", [""ja""] = ""+3 新規"", [""en""] = ""+3 new"" },"
"I18nService.cs","331","I18n","Hardcoded Text","[""LBL_METRIC_DAYS""] = new() { [""zh""] = ""平均周期"", [""ja""] = ""平均サイクル"", [""en""] = ""Avg Cycle"" },"
"I18nService.cs","333","I18n","Hardcoded Text","[""TXT_METRIC_DAYS_TREND""] = new() { [""zh""] = ""下降 1.2d"", [""ja""] = ""1.2 日短縮"", [""en""] = ""Down 1.2d"" },"
"I18nService.cs","335","I18n","Hardcoded Text","[""LBL_METRIC_FEEDBACK""] = new() { [""zh""] = ""反馈数"", [""ja""] = ""フィードバック"", [""en""] = ""Feedback"" },"
"I18nService.cs","337","I18n","Hardcoded Text","[""TXT_METRIC_FEEDBACK_TREND""] = new() { [""zh""] = ""+2 本周新增"", [""ja""] = ""今週 +2"", [""en""] = ""+2 this week"" },"
"I18nService.cs","339","I18n","Hardcoded Text","[""LBL_DASH_CUSTOMERS""] = new() { [""zh""] = ""客户总数"", [""ja""] = ""顧客総数"", [""en""] = ""Customers"" },"
"I18nService.cs","341","I18n","Hardcoded Text","[""TXT_DASH_CUSTOMERS_HINT""] = new() { [""zh""] = ""新增 6"", [""ja""] = ""+6 追加"", [""en""] = ""+6 new"" },"
"I18nService.cs","343","I18n","Hardcoded Text","[""LBL_DASH_PROJECTS""] = new() { [""zh""] = ""项目"", [""ja""] = ""プロジェクト"", [""en""] = ""Projects"" },"
"I18nService.cs","345","I18n","Hardcoded Text","[""TXT_DASH_PROJECTS_HINT""] = new() { [""zh""] = ""进行中"", [""ja""] = ""進行中"", [""en""] = ""In progress"" },"
"I18nService.cs","347","I18n","Hardcoded Text","[""LBL_DASH_TOUCHES""] = new() { [""zh""] = ""互动次数"", [""ja""] = ""タッチポイント"", [""en""] = ""Touches"" },"
"I18nService.cs","349","I18n","Hardcoded Text","[""TXT_DASH_TOUCHES_HINT""] = new() { [""zh""] = ""本周互动"", [""ja""] = ""今週のタッチポイント"", [""en""] = ""Touches this week"" },"
"I18nService.cs","351","I18n","Hardcoded Text","[""LBL_DASH_SAT""] = new() { [""zh""] = ""满意度"", [""ja""] = ""満足度"", [""en""] = ""Satisfaction"" },"
"I18nService.cs","353","I18n","Hardcoded Text","[""TXT_DASH_SAT_HINT""] = new() { [""zh""] = ""客服满意"", [""ja""] = ""サポート満足度"", [""en""] = ""Support satisfaction"" },"
"I18nService.cs","355","I18n","Hardcoded Text","[""LBL_DASH_SEGMENTS""] = new() { [""zh""] = ""客户分层"", [""ja""] = ""セグメント"", [""en""] = ""Customer Segments"" },"
"I18nService.cs","357","I18n","Hardcoded Text","[""LBL_SEG_ENTERPRISE""] = new() { [""zh""] = ""企业客户"", [""ja""] = ""エンタープライズ顧客"", [""en""] = ""Enterprise Accounts"" },"
"I18nService.cs","359","I18n","Hardcoded Text","[""TXT_SEG_ENTERPRISE_DESC""] = new() { [""zh""] = ""关键账户群"", [""ja""] = ""主要アカウント群"", [""en""] = ""Core accounts"" },"
"I18nService.cs","361","I18n","Hardcoded Text","[""LBL_SEG_GROWTH""] = new() { [""zh""] = ""成长型团队"", [""ja""] = ""成長チーム"", [""en""] = ""Growth Teams"" },"
"I18nService.cs","363","I18n","Hardcoded Text","[""TXT_SEG_GROWTH_DESC""] = new() { [""zh""] = ""扩张中的团队"", [""ja""] = ""拡大中のチーム"", [""en""] = ""Teams in expansion"" },"
"I18nService.cs","365","I18n","Hardcoded Text","[""LBL_SEG_TRIAL""] = new() { [""zh""] = ""试用期"", [""ja""] = ""トライアル期間"", [""en""] = ""Trial Window"" },"
"I18nService.cs","367","I18n","Hardcoded Text","[""TXT_SEG_TRIAL_DESC""] = new() { [""zh""] = ""正在评估的客户"", [""ja""] = ""評価中の顧客"", [""en""] = ""Evaluating customers"" },"
"I18nService.cs","369","I18n","Hardcoded Text","[""LBL_DASH_ACTIVITY""] = new() { [""zh""] = ""动态流"", [""ja""] = ""アクティビティ"", [""en""] = ""Activity Stream"" },"
"I18nService.cs","371","I18n","Hardcoded Text","[""TXT_DASH_ACTIVITY_HINT""] = new() { [""zh""] = ""最近 24 小时的关键事件。"", [""ja""] = ""直近24時間の主要イベント。"", [""en""] = ""Key events in the last 24 hours."" },"
"I18nService.cs","373","I18n","Hardcoded Text","[""TXT_ACTIVITY_NOVA_DESC""] = new() { [""zh""] = ""提交新的集成需求"", [""ja""] = ""新しい連携要望を提出"", [""en""] = ""Submitted a new integration request"" },"
"I18nService.cs","375","I18n","Hardcoded Text","[""TXT_ACTIVITY_HELIOS_DESC""] = new() { [""zh""] = ""SLA 审阅完成"", [""ja""] = ""SLA レビュー完了"", [""en""] = ""SLA review completed"" },"
"I18nService.cs","377","I18n","Hardcoded Text","[""TXT_ACTIVITY_ACME_DESC""] = new() { [""zh""] = ""反馈调查回传"", [""ja""] = ""フィードバック調査を返信"", [""en""] = ""Returned feedback survey"" },"
"I18nService.cs","379","I18n","Hardcoded Text","[""TXT_TIME_YESTERDAY""] = new() { [""zh""] = ""昨天"", [""ja""] = ""昨日"", [""en""] = ""Yesterday"" },"
"I18nService.cs","381","I18n","Hardcoded Text","[""LBL_DASH_NEXT_STEPS""] = new() { [""zh""] = ""下一步行动"", [""ja""] = ""次のアクション"", [""en""] = ""Next Actions"" },"
"I18nService.cs","383","I18n","Hardcoded Text","[""BTN_RECORD_NEXT_TOUCH""] = new() { [""zh""] = ""记录下一次跟进"", [""ja""] = ""次のフォローを記録"", [""en""] = ""Log next touch"" },"
"I18nService.cs","385","I18n","Hardcoded Text","[""BTN_NOTIFY_ACCOUNT""] = new() { [""zh""] = ""提醒账户经理"", [""ja""] = ""アカウント担当に通知"", [""en""] = ""Notify account manager"" },"
"I18nService.cs","387","I18n","Hardcoded Text","[""BTN_IMPORT_CONTACTS""] = new() { [""zh""] = ""导入外部联系人"", [""ja""] = ""外部連絡先をインポート"", [""en""] = ""Import external contacts"" },"
"I18nService.cs","389","I18n","Hardcoded Text","[""BTN_SAVE_ROLE""] = new() { [""zh""] = ""保存角色"", [""ja""] = ""ロールを保存"", [""en""] = ""Save Role"" },"
"I18nService.cs","391","I18n","Hardcoded Text","[""BTN_SAVE_PERMISSIONS""] = new() { [""zh""] = ""保存权限"", [""ja""] = ""権限を保存"", [""en""] = ""Save Permissions"" },"
"I18nService.cs","393","I18n","Hardcoded Text","[""MENU_USERS""] = new() { [""zh""] = ""用户档案"", [""ja""] = ""ユーザー台帳"", [""en""] = ""User Profiles"" },"
"I18nService.cs","394","I18n","Hardcoded Text","[""MENU_MENU_MANAGE""] = new() { [""zh""] = ""菜单管理"", [""ja""] = ""メニュー管理"", [""en""] = ""Menu Management"" },"
"I18nService.cs","395","I18n","Hardcoded Text","[""TXT_MENU_MANAGE_DESC""] = new() { [""zh""] = ""维护功能树、菜单路由与模板绑定。"", [""ja""] = ""機能ツリー・メニュー経路・テンプレート割当をメンテナンスします。"", [""en""] = ""Maintain the function tree, menu routes, and template bindings."" },"
"I18nService.cs","396","I18n","Hardcoded Text","[""BTN_ADD_ROOT_MENU""] = new() { [""zh""] = ""新增根菜单"", [""ja""] = ""ルートメニューを追加"", [""en""] = ""Add Root Menu"" },"
"I18nService.cs","397","I18n","Hardcoded Text","[""BTN_ADD_CHILD_MENU""] = new() { [""zh""] = ""新增子菜单"", [""ja""] = ""子メニューを追加"", [""en""] = ""Add Child Menu"" },"
"I18nService.cs","398","I18n","Hardcoded Text","[""BTN_DELETE_MENU""] = new() { [""zh""] = ""删除菜单"", [""ja""] = ""メニューを削除"", [""en""] = ""Delete Menu"" },"
"I18nService.cs","399","I18n","Hardcoded Text","[""BTN_ADD_MENU""] = new() { [""zh""] = ""新增菜单"", [""ja""] = ""メニューを追加"", [""en""] = ""Add Menu"" },"
"I18nService.cs","400","I18n","Hardcoded Text","[""BTN_REFRESH""] = new() { [""zh""] = ""刷新"", [""ja""] = ""再読み込み"", [""en""] = ""Refresh"" },"
"I18nService.cs","401","I18n","Hardcoded Text","[""LBL_MENU_DETAIL""] = new() { [""zh""] = ""菜单详情"", [""ja""] = ""メニュー詳細"", [""en""] = ""Menu Details"" },"
"I18nService.cs","402","I18n","Hardcoded Text","[""LBL_MENU_PARENT""] = new() { [""zh""] = ""上级菜单"", [""ja""] = ""親メニュー"", [""en""] = ""Parent Menu"" },"
"I18nService.cs","403","I18n","Hardcoded Text","[""LBL_MENU_ROOT""] = new() { [""zh""] = ""根节点"", [""ja""] = ""ルート"", [""en""] = ""Root"" },"
"I18nService.cs","404","I18n","Hardcoded Text","[""LBL_MENU_NAME""] = new() { [""zh""] = ""菜单名称"", [""ja""] = ""メニュー名"", [""en""] = ""Menu Name"" },"
"I18nService.cs","405","I18n","Hardcoded Text","[""LBL_MENU_CODE""] = new() { [""zh""] = ""菜单编码"", [""ja""] = ""メニューコード"", [""en""] = ""Menu Code"" },"
"I18nService.cs","406","I18n","Hardcoded Text","[""LBL_MENU_I18N""] = new() { [""zh""] = ""多语言名称"", [""ja""] = ""多言語名称"", [""en""] = ""Multilingual Name"" },"
"I18nService.cs","407","I18n","Hardcoded Text","[""LBL_MENU_ICON""] = new() { [""zh""] = ""图标"", [""ja""] = ""アイコン"", [""en""] = ""Icon"" },"
"I18nService.cs","408","I18n","Hardcoded Text","[""LBL_MENU_SORT""] = new() { [""zh""] = ""排序值"", [""ja""] = ""並び順"", [""en""] = ""Sort Order"" },"
"I18nService.cs","409","I18n","Hardcoded Text","[""LBL_MENU_IS_MENU""] = new() { [""zh""] = ""作为菜单显示"", [""ja""] = ""メニューとして表示"", [""en""] = ""Show as Menu"" },"
"I18nService.cs","410","I18n","Hardcoded Text","[""LBL_MENU_NAVIGATION_TYPE""] = new() { [""zh""] = ""导航方式"", [""ja""] = ""ナビゲーション方式"", [""en""] = ""Navigation Type"" },"
"I18nService.cs","411","I18n","Hardcoded Text","[""LBL_MENU_NAV_ROUTE""] = new() { [""zh""] = ""路由"", [""ja""] = ""ルート"", [""en""] = ""Route"" },"
"I18nService.cs","412","I18n","Hardcoded Text","[""LBL_MENU_NAV_TEMPLATE""] = new() { [""zh""] = ""模板"", [""ja""] = ""テンプレート"", [""en""] = ""Template"" },"
"I18nService.cs","413","I18n","Hardcoded Text","[""LBL_MENU_TEMPLATE""] = new() { [""zh""] = ""模板"", [""ja""] = ""テンプレート"", [""en""] = ""Template"" },"
"I18nService.cs","414","I18n","Hardcoded Text","[""LBL_MENU_TEMPLATE_SELECT""] = new() { [""zh""] = ""选择模板"", [""ja""] = ""テンプレートを選択"", [""en""] = ""Select Template"" },"
"I18nService.cs","415","I18n","Hardcoded Text","[""LBL_MENU_ROUTE""] = new() { [""zh""] = ""路由地址"", [""ja""] = ""ルート"", [""en""] = ""Route"" },"
"I18nService.cs","416","I18n","Hardcoded Text","[""TXT_MENU_TEMPLATE_EMPTY""] = new() { [""zh""] = ""暂无可用模板。"", [""ja""] = ""利用可能なテンプレートがありません。"", [""en""] = ""No templates available."" },"
"I18nService.cs","417","I18n","Hardcoded Text","[""TXT_MENU_DROP_ROOT""] = new() { [""zh""] = ""拖拽到这里将节点移动到根级"", [""ja""] = ""ここにドロップするとルートに移動します"", [""en""] = ""Drop here to move the node to the root"" },"
"I18nService.cs","418","I18n","Hardcoded Text","[""TXT_MENU_EMPTY""] = new() { [""zh""] = ""暂无菜单节点。"", [""ja""] = ""メニューがまだありません。"", [""en""] = ""No menu nodes yet."" },"
"I18nService.cs","419","I18n","Hardcoded Text","[""TXT_MENU_SELECT_HINT""] = new() { [""zh""] = ""选择左侧菜单查看详情"", [""ja""] = ""左のメニューを選択して詳細を表示"", [""en""] = ""Select a menu item to view details."" },"
"I18nService.cs","420","I18n","Hardcoded Text","[""MSG_MENU_DELETE_CONFIRM""] = new() { [""zh""] = ""确认删除该菜单节点？此操作不可恢复。"", [""ja""] = ""このメニューを削除しますか？この操作は取り消せません。"", [""en""] = ""Delete this menu node? This action cannot be undone."" },"
"I18nService.cs","421","I18n","Hardcoded Text","[""MSG_MENU_DELETE_FAILED""] = new() { [""zh""] = ""删除菜单失败"", [""ja""] = ""メニューの削除に失敗しました"", [""en""] = ""Failed to delete menu."" },"
"I18nService.cs","422","I18n","Hardcoded Text","[""MSG_MENU_DELETE_SUCCESS""] = new() { [""zh""] = ""菜单已删除"", [""ja""] = ""メニューを削除しました"", [""en""] = ""Menu deleted."" },"
"I18nService.cs","423","I18n","Hardcoded Text","[""MSG_MENU_SAVE_FAILED""] = new() { [""zh""] = ""保存菜单失败"", [""ja""] = ""メニューの保存に失敗しました"", [""en""] = ""Failed to save menu."" },"
"I18nService.cs","424","I18n","Hardcoded Text","[""MSG_MENU_CREATE_SUCCESS""] = new() { [""zh""] = ""菜单创建成功"", [""ja""] = ""メニューを作成しました"", [""en""] = ""Menu created successfully."" },"
"I18nService.cs","425","I18n","Hardcoded Text","[""MSG_MENU_SAVE_SUCCESS""] = new() { [""zh""] = ""菜单已更新"", [""ja""] = ""メニューを更新しました"", [""en""] = ""Menu updated."" },"
"I18nService.cs","426","I18n","Hardcoded Text","[""MSG_MENU_REORDER_FAILED""] = new() { [""zh""] = ""排序操作失败，请刷新后重试"", [""ja""] = ""並び替えに失敗しました。再読み込みしてやり直してください。"", [""en""] = ""Failed to reorder menus. Refresh and try again."" },"
"I18nService.cs","427","I18n","Hardcoded Text","[""MSG_MENU_INVALID_DROP""] = new() { [""zh""] = ""不能将菜单移动到自身或其子节点下"", [""ja""] = ""自分自身または子ノードの下には移動できません"", [""en""] = ""Cannot move a menu under itself or its descendants."" },"
"I18nService.cs","428","I18n","Hardcoded Text","[""MSG_MENU_LOAD_FAILED""] = new() { [""zh""] = ""加载菜单失败"", [""ja""] = ""メニューの読み込みに失敗しました"", [""en""] = ""Failed to load menus."" },"
"I18nService.cs","429","I18n","Hardcoded Text","[""MSG_MENU_CODE_REQUIRED""] = new() { [""zh""] = ""请输入唯一的菜单编码"", [""ja""] = ""一意のメニューコードを入力してください"", [""en""] = ""Menu code is required."" },"
"I18nService.cs","431","I18n","Hardcoded Text","[""BTN_NEW_USER""] = new() { [""zh""] = ""新建用户"", [""ja""] = ""ユーザー新規作成"", [""en""] = ""New User"" },"
"I18nService.cs","433","I18n","Hardcoded Text","[""BTN_SAVE_USER""] = new() { [""zh""] = ""保存用户"", [""ja""] = ""ユーザーを保存"", [""en""] = ""Save User"" },"
"I18nService.cs","435","I18n","Hardcoded Text","[""TXT_USER_EMPTY""] = new() { [""zh""] = ""暂无用户，请先新建。"", [""ja""] = ""ユーザーがありません。新規作成してください。"", [""en""] = ""No users yet. Create one to get started."" },"
"I18nService.cs","437","I18n","Hardcoded Text","[""TXT_USER_SELECT_HINT""] = new() { [""zh""] = ""选择一个用户查看详情"", [""ja""] = ""ユーザーを選択して詳細を表示"", [""en""] = ""Select a user to view details."" },"
"I18nService.cs","439","I18n","Hardcoded Text","[""MSG_USER_REQUIRED""] = new() { [""zh""] = ""用户名和邮箱不能为空"", [""ja""] = ""ユーザー名とメールは必須です"", [""en""] = ""Username and email are required."" },"
"I18nService.cs","441","I18n","Hardcoded Text","[""LBL_USER_INFO""] = new() { [""zh""] = ""用户信息"", [""ja""] = ""ユーザー情報"", [""en""] = ""User Information"" },"
"I18nService.cs","443","I18n","Hardcoded Text","[""LBL_USER_STATUS""] = new() { [""zh""] = ""用户状态"", [""ja""] = ""ユーザー状態"", [""en""] = ""User Status"" },"
"I18nService.cs","445","I18n","Hardcoded Text","[""LBL_USER_ROLES""] = new() { [""zh""] = ""角色分配"", [""ja""] = ""ロール割り当て"", [""en""] = ""Assigned Roles"" },"
"I18nService.cs","447","I18n","Hardcoded Text","[""LBL_USER_LOCKED""] = new() { [""zh""] = ""已锁定"", [""ja""] = ""ロック中"", [""en""] = ""Locked"" },"
"I18nService.cs","449","I18n","Hardcoded Text","[""LBL_USER_UNLOCKED""] = new() { [""zh""] = ""正常"", [""ja""] = ""有効"", [""en""] = ""Active"" },"
"I18nService.cs","451","I18n","Hardcoded Text","[""LBL_EMAIL_CONFIRMED""] = new() { [""zh""] = ""邮箱已验证"", [""ja""] = ""メール確認済み"", [""en""] = ""Email Confirmed"" },"
"I18nService.cs","453","I18n","Hardcoded Text","[""LBL_EMAIL_CONFIRMED_FLAG""] = new() { [""zh""] = ""邮箱验证"", [""ja""] = ""メール確認"", [""en""] = ""Email Confirmation"" },"
"I18nService.cs","455","I18n","Hardcoded Text","[""LBL_PHONE""] = new() { [""zh""] = ""电话"", [""ja""] = ""電話"", [""en""] = ""Phone"" },"
"I18nService.cs","457","I18n","Hardcoded Text","[""LBL_CLICK_TO_EDIT_MULTILINGUAL""] = new() { [""zh""] = ""点击编辑多语言文本"", [""ja""] = ""クリックして多言語テキストを編集"", [""en""] = ""Click to edit multilingual text"" },"
"I18nService.cs","459","I18n","Hardcoded Text","[""TXT_MULTILINGUAL_DISPLAY_NAME_HINT""] = new() { [""zh""] = ""请为每种语言提供显示名称（至少一条）"", [""ja""] = ""各言語の表示名を入力してください（少なくとも1件）"", [""en""] = ""Provide display names for each language (at least one)"" },"
"I18nService.cs","461","I18n","Hardcoded Text","[""TXT_ENTITY_NAME_PLACEHOLDER""] = new() { [""zh""] = ""示例：Product、Order（首字母大写的 PascalCase）"", [""ja""] = ""例: Product / Order（頭文字大文字のPascalCase）"", [""en""] = ""Ex: Product / Order (PascalCase starting with uppercase)"" },"
"I18nService.cs","463","I18n","Hardcoded Text","[""LBL_ROLE_STATUS""] = new() { [""zh""] = ""角色状态"", [""ja""] = ""ロール状態"", [""en""] = ""Role Status"" },"
"I18nService.cs","465","I18n","Hardcoded Text","[""LBL_ROLE_ENABLED""] = new() { [""zh""] = ""启用"", [""ja""] = ""有効"", [""en""] = ""Enabled"" },"
"I18nService.cs","467","I18n","Hardcoded Text","[""LBL_ROLE_DISABLED""] = new() { [""zh""] = ""停用"", [""ja""] = ""無効"", [""en""] = ""Disabled"" },"
"I18nService.cs","469","I18n","Hardcoded Text","[""LBL_ROLE_PERMISSIONS""] = new() { [""zh""] = ""权限设置"", [""ja""] = ""権限設定"", [""en""] = ""Permissions"" },"
"I18nService.cs","471","I18n","Hardcoded Text","[""TXT_ROLE_EMPTY""] = new() { [""zh""] = ""暂无角色，请先新建。"", [""ja""] = ""ロールがありません。新規作成してください。"", [""en""] = ""No roles yet. Create one to get started."" },"
"I18nService.cs","473","I18n","Hardcoded Text","[""TXT_ROLE_SELECT_HINT""] = new() { [""zh""] = ""选择一个角色查看详情"", [""ja""] = ""ロールを選択して詳細を表示"", [""en""] = ""Select a role to view details."" },"
"I18nService.cs","475","I18n","Hardcoded Text","[""TXT_ROLE_NO_FUNCTION""] = new() { [""zh""] = ""暂无可配置的功能"", [""ja""] = ""設定可能な機能がありません"", [""en""] = ""No functions available to assign."" },"
"I18nService.cs","477","I18n","Hardcoded Text","[""MSG_ROLE_REQUIRED""] = new() { [""zh""] = ""角色编码和名称不能为空"", [""ja""] = ""ロールコードと名前は必須です"", [""en""] = ""Role code and name are required."" },"
"I18nService.cs","479","I18n","Hardcoded Text","[""TXT_NAMESPACE_PLACEHOLDER""] = new() { [""zh""] = ""BobCrm.Base.<实体名>"", [""ja""] = ""BobCrm.Base.<エンティティ名>"", [""en""] = ""BobCrm.Base.<EntityName>"" },"
"I18nService.cs","481","I18n","Hardcoded Text","[""TXT_NAMESPACE_AUTO_HINT""] = new() { [""zh""] = ""命名空间由系统根据实体名自动生成，保存后不可修改。"", [""ja""] = ""名前空間はエンティティ名から自動生成され、保存後は変更できません。"", [""en""] = ""Namespace is generated from the entity name automatically and cannot be edited after save."" },"
"I18nService.cs","483","I18n","Hardcoded Text","[""LBL_DOMAIN""] = new() { [""zh""] = ""所属领域"", [""ja""] = ""ビジネス領域"", [""en""] = ""Business Domain"" },"
"I18nService.cs","485","I18n","Hardcoded Text","[""TXT_DOMAIN_HINT""] = new() { [""zh""] = ""请选择该实体所在的业务域，用于生成命名空间。"", [""ja""] = ""エンティティが属する業務領域を選択してください。"", [""en""] = ""Select the business domain used to build the namespace."" },"
"I18nService.cs","487","I18n","Hardcoded Text","[""TXT_ICON_FIELD_PLACEHOLDER""] = new() { [""zh""] = ""输入 AntD 图标名或图片 URL"", [""ja""] = ""AntD アイコン名または画像 URL を入力"", [""en""] = ""Enter AntD icon name or image URL"" },"
"I18nService.cs","489","I18n","Hardcoded Text","[""TXT_ICON_FIELD_HINT_TITLE""] = new() { [""zh""] = ""可选格式"", [""ja""] = ""利用できる形式"", [""en""] = ""Allowed formats"" },"
"I18nService.cs","491","I18n","Hardcoded Text","[""TXT_ICON_FIELD_HINT_ANTD""] = new() { [""zh""] = ""Ant Design 图标名：例如 user、team、setting"", [""ja""] = ""Ant Design アイコン名: 例) user / team / setting"", [""en""] = ""Ant Design icon name, e.g., user, team, setting"" },"
"I18nService.cs","493","I18n","Hardcoded Text","[""TXT_ICON_FIELD_HINT_URL""] = new() { [""zh""] = ""或图标图片 URL：例如 https://static.example.com/icon.svg"", [""ja""] = ""またはアイコン画像の URL: 例) https://static.example.com/icon.svg"", [""en""] = ""Or an image URL, e.g., https://static.example.com/icon.svg"" },"
"I18nService.cs","495","I18n","Hardcoded Text","[""TXT_DELETE_FIELD_WARNING""] = new() { [""zh""] = ""删除后无法恢复该字段，请确认操作。"", [""ja""] = ""削除すると元に戻せません。よろしいですか？"", [""en""] = ""This field will be removed permanently. Continue?"" },"
"I18nService.cs","497","I18n","Hardcoded Text","[""TXT_MULTILINGUAL_PLACEHOLDER""] = new() { [""zh""] = ""点击编辑多语言"", [""ja""] = ""クリックして多言語を編集"", [""en""] = ""Click to edit translations"" },"
"I18nService.cs","499","I18n","Hardcoded Text","[""TXT_MULTILINGUAL_PLACEHOLDER_DEFAULT""] = new() { [""zh""] = ""默认语言内容"", [""ja""] = ""既定言語の内容"", [""en""] = ""Default language text"" },"
"I18nService.cs","501","I18n","Hardcoded Text","[""TXT_MULTILINGUAL_PLACEHOLDER_OTHER""] = new() { [""zh""] = ""翻译内容"", [""ja""] = ""翻訳内容"", [""en""] = ""Translation"" },"
"I18nService.cs","503","I18n","Hardcoded Text","[""LBL_MULTILINGUAL_EDITOR""] = new() { [""zh""] = ""多语言编辑"", [""ja""] = ""多言語エディター"", [""en""] = ""Multilingual Editor"" },"
"I18nService.cs","505","I18n","Hardcoded Text","[""BTN_DONE""] = new() { [""zh""] = ""完成"", [""ja""] = ""完了"", [""en""] = ""Done"" },"
"I18nService.cs","507","I18n","Hardcoded Text","[""LBL_FIELD_UNNAMED""] = new() { [""zh""] = ""未命名字段"", [""ja""] = ""未命名フィールド"", [""en""] = ""Unnamed field"" },"
"I18nService.cs","509","I18n","Hardcoded Text","[""MSG_FIELD_PROPERTY_REQUIRED""] = new() { [""zh""] = ""字段 {0} 的编码不能为空"", [""ja""] = ""フィールド {0} のコードは必須です"", [""en""] = ""Field {0} requires a property name."" },"
"I18nService.cs","511","I18n","Hardcoded Text","[""MSG_FIELD_DISPLAYNAME_REQUIRED""] = new() { [""zh""] = ""字段 {0} 需要填写显示名称"", [""ja""] = ""フィールド {0} の表示名を入力してください"", [""en""] = ""Field {0} requires a display name."" },"
"I18nService.cs","513","I18n","Hardcoded Text","[""MSG_FIELD_TYPE_REQUIRED""] = new() { [""zh""] = ""字段 {0} 需要选择数据类型"", [""ja""] = ""フィールド {0} のデータ型を選択してください"", [""en""] = ""Field {0} requires a data type."" },"
"I18nService.cs","515","I18n","Hardcoded Text","[""MSG_FIELD_STRING_LENGTH_REQUIRED""] = new() { [""zh""] = ""字符串字段 {0} 需要设置长度"", [""ja""] = ""文字列フィールド {0} の長さを入力してください"", [""en""] = ""String field {0} requires a length."" },"
"I18nService.cs","517","I18n","Hardcoded Text","[""MSG_FIELD_DECIMAL_REQUIRED""] = new() { [""zh""] = ""小数字段 {0} 需要设置精度和小数位"", [""ja""] = ""小数フィールド {0} の精度と小数桁を入力してください"", [""en""] = ""Decimal field {0} requires precision and scale."" },"
"I18nService.cs","519","I18n","Hardcoded Text","[""MSG_DOMAIN_LOAD_FAILED""] = new() { [""zh""] = ""领域列表加载失败"", [""ja""] = ""ドメイン一覧の読み込みに失敗しました"", [""en""] = ""Failed to load domains."" },"
"I18nService.cs","521","I18n","Hardcoded Text","[""TXT_INTERFACE_AUTO_FIELDS_TIP""] = new() { [""zh""] = ""勾选接口后会自动注入标准字段，字段不可单独删除，如需移除请取消勾选接口。"", [""ja""] = ""インターフェースを選択すると標準フィールドが自動追加されます。削除するにはチェックを外してください。"", [""en""] = ""Selecting an interface injects its standard fields automatically. To remove them, uncheck the interface rather than deleting fields."" },"
"I18nService.cs","523","I18n","Hardcoded Text","[""INTERFACE_ORGANIZATION""] = new() { [""zh""] = ""组织维度"", [""ja""] = ""組織ディメンション"", [""en""] = ""Organization"" },"
"I18nService.cs","527","I18n","Hardcoded Text","[""LBL_INTERFACE_ORGANIZATION""] = new() { [""zh""] = ""Organization (IOrganizational - 组织ID)"", [""ja""] = ""Organization (IOrganizational - 組織ID)"", [""en""] = ""Organization (IOrganizational - Organization Id)"" },"
"I18nService.cs","529","I18n","Hardcoded Text","[""MENU_ORG""] = new() { [""zh""] = ""组织关系"", [""ja""] = ""組織管理"", [""en""] = ""Organizations"" },"
"I18nService.cs","531","I18n","Hardcoded Text","[""LBL_ORG_TREE""] = new() { [""zh""] = ""组织树"", [""ja""] = ""組織ツリー"", [""en""] = ""Organization Tree"" },"
"I18nService.cs","533","I18n","Hardcoded Text","[""BTN_ADD_ORG""] = new() { [""zh""] = ""新增节点"", [""ja""] = ""ノード追加"", [""en""] = ""Add Node"" },"
"I18nService.cs","535","I18n","Hardcoded Text","[""TXT_ORG_EMPTY""] = new() { [""zh""] = ""暂无组织，请先创建根节点。"", [""ja""] = ""組織がありません。まずはルートを作成してください。"", [""en""] = ""No organization nodes yet. Create the root first."" },"
"I18nService.cs","537","I18n","Hardcoded Text","[""LBL_ORG_ROOT""] = new() { [""zh""] = ""根组织"", [""ja""] = ""ルート組織"", [""en""] = ""Root Organization"" },"
"I18nService.cs","539","I18n","Hardcoded Text","[""LBL_ORG_CODE""] = new() { [""zh""] = ""组织编码"", [""ja""] = ""組織コード"", [""en""] = ""Code"" },"
"I18nService.cs","541","I18n","Hardcoded Text","[""LBL_ORG_NAME""] = new() { [""zh""] = ""组织名称"", [""ja""] = ""組織名"", [""en""] = ""Name"" },"
"I18nService.cs","543","I18n","Hardcoded Text","[""LBL_ORG_PATH""] = new() { [""zh""] = ""层级编码"", [""ja""] = ""階層コード"", [""en""] = ""Path"" },"
"I18nService.cs","545","I18n","Hardcoded Text","[""TXT_ORG_NO_CHILD""] = new() { [""zh""] = ""暂无子节点。"", [""ja""] = ""子ノードがありません。"", [""en""] = ""No child nodes yet."" },"
"I18nService.cs","547","I18n","Hardcoded Text","[""MSG_ORG_DELETE_CONFIRM""] = new() { [""zh""] = ""确定要删除该组织节点吗？"", [""ja""] = ""この組織ノードを削除しますか？"", [""en""] = ""Delete this organization node?"" },"
"I18nService.cs","549","I18n","Hardcoded Text","[""MSG_ORG_ROOT_EXISTS""] = new() { [""zh""] = ""已存在根组织，无法重复创建。"", [""ja""] = ""ルート組織はすでに存在します。"", [""en""] = ""A root organization already exists."" },"
"I18nService.cs","551","I18n","Hardcoded Text","[""MSG_ORG_CODE_REQUIRED""] = new() { [""zh""] = ""请填写组织编码。"", [""ja""] = ""組織コードを入力してください。"", [""en""] = ""Organization code is required."" },"
"I18nService.cs","553","I18n","Hardcoded Text","[""MSG_ORG_NAME_REQUIRED""] = new() { [""zh""] = ""请填写组织名称。"", [""ja""] = ""組織名を入力してください。"", [""en""] = ""Organization name is required."" },"
"I18nService.cs","555","I18n","Hardcoded Text","[""MSG_ORG_SELECT_PARENT""] = new() { [""zh""] = ""请选择一个父级组织后再新增子节点。"", [""ja""] = ""子ノードを追加する前に親組織を選択してください。"", [""en""] = ""Select a parent organization before adding a child."" },"
"I18nService.cs","557","I18n","Hardcoded Text","[""MSG_ORG_SAVE_PARENT_FIRST""] = new() { [""zh""] = ""请先保存当前节点，再创建子节点。"", [""ja""] = ""子ノードを追加する前に親ノードを保存してください。"", [""en""] = ""Save the current node before adding child nodes."" },"
"I18nService.cs","559","I18n","Hardcoded Text","[""LBL_ORG_DETAIL""] = new() { [""zh""] = ""节点信息"", [""ja""] = ""ノード情報"", [""en""] = ""Node Details"" },"
"I18nService.cs","561","I18n","Hardcoded Text","[""TXT_ORG_DETAIL_HINT""] = new() { [""zh""] = ""编辑当前选中节点的编码与名称，保存后同步至组织树。"", [""ja""] = ""選択中ノードのコードと名称を編集し、保存するとツリーに反映されます。"", [""en""] = ""Edit the selected node's code and name. Save to update the tree."" },"
"I18nService.cs","563","I18n","Hardcoded Text","[""LBL_ORG_CHILDREN""] = new() { [""zh""] = ""子节点列表"", [""ja""] = ""子ノード一覧"", [""en""] = ""Children"" }"
"InteractionState.cs","15","I18n","Hardcoded Text","public string BulkPrimaryLabel { get; private set; } = ""执行"";"
"InteractionState.cs","16","I18n","Hardcoded Text","public string BulkSecondaryLabel { get; private set; } = ""取消"";"
"InteractionState.cs","34","I18n","Hardcoded Text","BulkSecondaryLabel = secondaryLabel ?? ""取消"";"
"ToastService.cs","10","I18n","Hardcoded Text","private readonly int _autoHideDuration = 3000; // 3秒"
"SubEntityTabs.razor","78","Std-01","Native Browser Dialog","OnOk=""@(() => OnAddSubEntityConfirm())"""
"SubEntityTabs.razor","157","Std-01","Native Browser Dialog","private async Task OnAddSubEntityConfirm()"
"CSharpCodeGenerator.cs","1","Std-04","Multiple Types in File (7)","CSharpCodeGenerator IEntity IArchive IAuditable IVersioned ITimeVersioned IOrganizational"
